/*
Navicat MySQL Data Transfer

Source Server         : 119.23.8.73
Source Server Version : 50726
Source Host           : 119.23.8.73:3306
Source Database       : cloud_crm

Target Server Type    : MYSQL
Target Server Version : 50726
File Encoding         : 65001

Date: 2019-10-14 23:35:57
*/

SET FOREIGN_KEY_CHECKS=0;

-- ----------------------------
-- Table structure for `adv`
-- ----------------------------
DROP TABLE IF EXISTS `adv`;
CREATE TABLE `adv` (
  `id` bigint(20) unsigned NOT NULL COMMENT '主键',
  `gmt_create` datetime NOT NULL DEFAULT CURRENT_TIMESTAMP COMMENT '创建时间',
  `gmt_modified` datetime NOT NULL DEFAULT CURRENT_TIMESTAMP COMMENT '修改时间',
  `status_id` tinyint(3) unsigned NOT NULL DEFAULT '1' COMMENT '状态(1:正常，0:禁用)',
  `sort` int(11) unsigned NOT NULL DEFAULT '1' COMMENT '排序',
  `adv_title` varchar(255) NOT NULL COMMENT '广告标题',
  `adv_img` varchar(255) NOT NULL DEFAULT '' COMMENT '广告图片',
  `adv_url` varchar(255) NOT NULL COMMENT '广告链接',
  `adv_target` varchar(255) NOT NULL DEFAULT '' COMMENT '广告跳转方式',
  `adv_location` tinyint(3) NOT NULL DEFAULT '1' COMMENT '广告位置(1首页轮播)',
  `begin_time` datetime NOT NULL COMMENT '开始时间',
  `end_time` datetime NOT NULL COMMENT '结束时间',
  `plat_show` tinyint(3) NOT NULL DEFAULT '0' COMMENT '位置(0电脑端，1微信端)',
  PRIMARY KEY (`id`)
) ENGINE=InnoDB DEFAULT CHARSET=utf8 ROW_FORMAT=DYNAMIC COMMENT='广告信息';

-- ----------------------------
-- Records of adv
-- ----------------------------
INSERT INTO `adv` VALUES ('1', '1899-12-30 01:00:00', '1899-12-30 01:00:00', '1', '1', '领课网络', 'http://static-dev.roncoo.com/course/91602e8f74244788b6107073865aac93.png', 'http://www.roncoo.net/', '_blank', '1', '2015-01-01 01:00:00', '2019-07-04 01:00:00', '0');
INSERT INTO `adv` VALUES ('2', '1899-12-30 02:00:00', '1899-12-30 02:00:00', '1', '1', '龙果学院', 'http://static-dev.roncoo.com/course/5531f6803f2a404f946394d89be30b2b.jpg', 'http://www.teachergu.com/', '_self', '1', '1900-01-05 01:26:31', '2020-01-06 01:04:18', '1');

-- ----------------------------
-- Table structure for `course`
-- ----------------------------
DROP TABLE IF EXISTS `course`;
CREATE TABLE `course` (
  `id` bigint(20) NOT NULL COMMENT '主键',
  `type` tinyint(1) unsigned DEFAULT NULL COMMENT '类型（0：普通；1：精品；2：专题）',
  `category_ids` varchar(255) DEFAULT '0' COMMENT '分类ID集合(逗号分隔)',
  `category_id` bigint(20) DEFAULT '0' COMMENT '分类ID',
  `course_name` varchar(255) NOT NULL DEFAULT '' COMMENT '课程名称',
  `course_logo` varchar(255) NOT NULL DEFAULT '' COMMENT '课程封面',
  `is_free` tinyint(3) NOT NULL DEFAULT '0' COMMENT '是否免费：1免费，0收费',
  `course_original` decimal(11,2) DEFAULT NULL COMMENT '原价',
  `course_discount` decimal(11,2) DEFAULT NULL COMMENT '优惠价',
  `sort` int(11) NOT NULL DEFAULT '1' COMMENT '排序',
  `recommend` tinyint(1) unsigned DEFAULT NULL COMMENT '推荐（0：推荐，1：普通）审核后得到',
  `grade_level` tinyint(1) NOT NULL DEFAULT '1' COMMENT '级别',
  `putaway_beg_date` datetime DEFAULT NULL COMMENT '规划上架时间',
  `putaway_end_date` datetime DEFAULT NULL COMMENT '下架时间',
  `status_id` tinyint(1) unsigned DEFAULT NULL COMMENT '状态0:待发布 1：发布上架 2:下架',
  `audit_status` int(11) NOT NULL DEFAULT '0' COMMENT '审核状态(0:待审核,1:审核通过,2:审核不通过)',
  `audit_opinion` varchar(1024) DEFAULT NULL COMMENT '审核意见',
  `score` int(11) unsigned DEFAULT NULL COMMENT '评分',
  `count_buy` int(11) NOT NULL DEFAULT '0' COMMENT '购买人数',
  `count_study` int(11) NOT NULL DEFAULT '0' COMMENT '学习人数',
  `period_total` int(11) NOT NULL DEFAULT '0' COMMENT '总课时数',
  `is_online` tinyint(1) DEFAULT NULL COMMENT ' 0:线下 1:线上',
  `limit_num` int(11) DEFAULT NULL COMMENT '限制人数（当为线下时才有意义）',
  `class_addr` varchar(255) DEFAULT NULL COMMENT '上课地址',
  `beg_time` time DEFAULT NULL COMMENT '上课时间',
  `end_time` time DEFAULT NULL COMMENT '结课时间',
  `create_by` bigint(20) unsigned NOT NULL COMMENT '创建者(讲师用户)',
  `create_date` datetime NOT NULL COMMENT '创建时间',
  `update_by` bigint(20) unsigned NOT NULL COMMENT '更新者',
  `update_date` datetime NOT NULL COMMENT '更新时间',
  `remarks` varchar(255) NOT NULL DEFAULT '' COMMENT '备注信息',
  `del_flag` tinyint(1) unsigned NOT NULL DEFAULT '0' COMMENT '删除标记',
  PRIMARY KEY (`id`)
) ENGINE=InnoDB DEFAULT CHARSET=utf8 ROW_FORMAT=DYNAMIC COMMENT='课程信息';

-- ----------------------------
-- Records of course
-- ----------------------------

-- ----------------------------
-- Table structure for `course_chapter`
-- ----------------------------
DROP TABLE IF EXISTS `course_chapter`;
CREATE TABLE `course_chapter` (
  `id` bigint(20) NOT NULL COMMENT '主键',
  `parent_id` bigint(20) unsigned NOT NULL COMMENT '父级编号',
  `parent_ids` varchar(2000) NOT NULL COMMENT '所有父级编号',
  `course_id` bigint(20) NOT NULL DEFAULT '0' COMMENT '课程ID',
  `name` varchar(255) NOT NULL DEFAULT '' COMMENT '课时名称',
  `is_free` tinyint(1) NOT NULL DEFAULT '0' COMMENT '是否免费：1免费，0收费',
  `period_original` decimal(11,2) NOT NULL DEFAULT '0.00' COMMENT '原价',
  `period_discount` decimal(11,2) NOT NULL DEFAULT '0.00' COMMENT '优惠价',
  `count_buy` int(11) NOT NULL DEFAULT '0' COMMENT '购买人数',
  `count_study` int(11) NOT NULL DEFAULT '0' COMMENT '学习人数',
  `is_doc` tinyint(3) NOT NULL DEFAULT '0' COMMENT '是否存在文档(1存在，0否)',
  `doc_name` varchar(255) DEFAULT NULL COMMENT '文档名称',
  `doc_url` varchar(255) DEFAULT NULL COMMENT '文档地址',
  `type` varchar(255) NOT NULL DEFAULT '0' COMMENT '类型(0:视频，1:练习题, 2:目录)',
  `resources_id` tinyint(20) unsigned DEFAULT NULL COMMENT '关联资源(如果为视频则是vid)',
  `status_id` tinyint(1) unsigned NOT NULL DEFAULT '1' COMMENT '状态(1:正常，0:禁用)',
  `sort` int(11) NOT NULL DEFAULT '1' COMMENT '排序',
  `audit_status` int(11) NOT NULL DEFAULT '0' COMMENT '审核状态(0:待审核;1:审核通过;2:审核不通过)',
  `audit_opinion` varchar(1024) DEFAULT NULL COMMENT '审核意见',
  `create_by` bigint(20) unsigned NOT NULL COMMENT '创建者',
  `create_date` datetime NOT NULL COMMENT '创建时间',
  `update_by` bigint(20) unsigned NOT NULL COMMENT '更新者',
  `update_date` datetime NOT NULL COMMENT '更新时间',
  `remarks` varchar(255) NOT NULL DEFAULT '' COMMENT '备注信息（课时描述）',
  `del_flag` tinyint(1) unsigned NOT NULL DEFAULT '0' COMMENT '删除标记',
  PRIMARY KEY (`id`)
) ENGINE=InnoDB DEFAULT CHARSET=utf8 ROW_FORMAT=DYNAMIC COMMENT='章节课时信息';

-- ----------------------------
-- Records of course_chapter
-- ----------------------------

-- ----------------------------
-- Table structure for `course_user`
-- ----------------------------
DROP TABLE IF EXISTS `course_user`;
CREATE TABLE `course_user` (
  `id` bigint(20) NOT NULL COMMENT '主键',
  `type` tinyint(1) unsigned NOT NULL DEFAULT '1' COMMENT '类型(0:加入学习，1:收藏课程)',
  `course_id` bigint(20) NOT NULL DEFAULT '0' COMMENT '课程ID',
  `period_total` int(11) NOT NULL DEFAULT '0' COMMENT '总课时数',
  `period_study` int(11) NOT NULL DEFAULT '0' COMMENT '已学习课时数',
  `is_free` tinyint(1) DEFAULT NULL COMMENT '改课程是不是免费的1免费，0收费',
  `is_buy` tinyint(1) unsigned DEFAULT NULL COMMENT '是否购买0:未购买1：购买',
  `create_by` bigint(20) unsigned NOT NULL COMMENT '创建者',
  `create_date` datetime NOT NULL COMMENT '创建时间',
  `update_by` bigint(20) unsigned NOT NULL COMMENT '更新者',
  `update_date` datetime NOT NULL COMMENT '更新时间',
  `remarks` varchar(255) NOT NULL DEFAULT '' COMMENT '备注信息',
  `del_flag` tinyint(1) unsigned NOT NULL DEFAULT '0' COMMENT '删除标记',
  PRIMARY KEY (`id`)
) ENGINE=InnoDB DEFAULT CHARSET=utf8 ROW_FORMAT=DYNAMIC COMMENT='课程用户关联表';

-- ----------------------------
-- Records of course_user
-- ----------------------------

-- ----------------------------
-- Table structure for `course_user_log`
-- ----------------------------
DROP TABLE IF EXISTS `course_user_log`;
CREATE TABLE `course_user_log` (
  `id` bigint(20) NOT NULL COMMENT '主键',
  `course_id` bigint(20) NOT NULL DEFAULT '0' COMMENT '课程编号',
  `course_name` varchar(255) NOT NULL COMMENT '课程名称',
  `chapter_id` bigint(20) NOT NULL DEFAULT '0' COMMENT '章节编号',
  `chapter_name` varchar(255) NOT NULL COMMENT '章节名称',
  `period_id` bigint(20) NOT NULL DEFAULT '0' COMMENT '课时编号',
  `period_name` varchar(255) NOT NULL COMMENT '课时名称',
  `complete` int(3) unsigned NOT NULL DEFAULT '0' COMMENT '完成度0-100',
  `create_by` bigint(20) unsigned NOT NULL COMMENT '创建者',
  `create_date` datetime NOT NULL COMMENT '创建时间',
  `update_by` bigint(20) unsigned NOT NULL COMMENT '更新者',
  `update_date` datetime NOT NULL COMMENT '更新时间(完成时间，完成100后不更新)',
  `remarks` varchar(255) NOT NULL DEFAULT '' COMMENT '备注信息',
  `del_flag` tinyint(1) unsigned NOT NULL DEFAULT '0' COMMENT '删除标记',
  PRIMARY KEY (`id`)
) ENGINE=InnoDB DEFAULT CHARSET=utf8 COMMENT='课程用户学习详细信息日志';

-- ----------------------------
-- Records of course_user_log
-- ----------------------------

-- ----------------------------
-- Table structure for `course_video`
-- ----------------------------
DROP TABLE IF EXISTS `course_video`;
CREATE TABLE `course_video` (
  `id` bigint(20) NOT NULL COMMENT '主键',
  `gmt_create` datetime NOT NULL DEFAULT CURRENT_TIMESTAMP COMMENT '创建时间',
  `gmt_modified` datetime NOT NULL DEFAULT CURRENT_TIMESTAMP COMMENT '修改时间',
  `status_id` tinyint(3) unsigned NOT NULL DEFAULT '1' COMMENT '状态(1:正常，0:禁用)',
  `sort` int(11) NOT NULL DEFAULT '1' COMMENT '排序',
  `course_id` bigint(20) NOT NULL DEFAULT '0' COMMENT '课程ID',
  `chapter_id` bigint(20) NOT NULL DEFAULT '0' COMMENT '章节ID',
  `period_id` bigint(20) NOT NULL DEFAULT '0' COMMENT '课时ID',
  `video_name` varchar(255) DEFAULT NULL COMMENT '视频名称',
  `video_no` bigint(20) DEFAULT NULL COMMENT '视频编号',
  `video_status` tinyint(3) NOT NULL DEFAULT '0' COMMENT '视频状态(1待上传，2上传成功，3上传失败)',
  `video_length` varchar(36) DEFAULT NULL COMMENT '时长',
  `video_vid` varchar(50) DEFAULT NULL COMMENT '视频ID',
  `video_oas_id` varchar(255) DEFAULT NULL COMMENT '阿里云oas',
  PRIMARY KEY (`id`)
) ENGINE=InnoDB DEFAULT CHARSET=utf8 ROW_FORMAT=DYNAMIC COMMENT='课程视频信息';

-- ----------------------------
-- Records of course_video
-- ----------------------------
INSERT INTO `course_video` VALUES ('1087545741840982018', '2019-01-22 11:01:23', '2019-01-22 11:01:23', '1', '1', '1085453180200448002', '1085796749289406465', '0', '测试.WMV', '1087545741790650370', '1', null, null, null);

-- ----------------------------
-- Table structure for `exam_paper`
-- ----------------------------
DROP TABLE IF EXISTS `exam_paper`;
CREATE TABLE `exam_paper` (
  `id` bigint(20) NOT NULL COMMENT '主键',
  `name` varchar(255) DEFAULT NULL COMMENT '试卷名称',
  `category_ids` varchar(255) DEFAULT '0' COMMENT '分类ID集合(逗号分隔)',
  `category_id` bigint(20) DEFAULT '0' COMMENT '分类ID',
  `paper_type` int(11) DEFAULT NULL COMMENT '试卷类型( 1固定试卷  2临时试卷 3班级试卷 4.时段试卷 5.推送试卷)',
  `grade_level` int(11) DEFAULT NULL COMMENT '级别',
  `paper_score` int(11) DEFAULT NULL COMMENT '试卷总分(千分制)',
  `question_count` int(11) DEFAULT NULL COMMENT '题目数量',
  `suggest_time` int(11) DEFAULT NULL COMMENT '建议时长(分钟)',
  `limit_start_time` datetime DEFAULT NULL COMMENT '时段试卷 开始时间',
  `limit_end_time` datetime DEFAULT NULL COMMENT '时段试卷 结束时间',
  `text_content` text COMMENT '试卷框架 内容为JSON',
  `sort` int(11) NOT NULL DEFAULT '1' COMMENT '排序',
  `is_free` tinyint(3) NOT NULL DEFAULT '0' COMMENT '是否免费：1免费，0收费',
  `course_original` decimal(11,2) DEFAULT NULL COMMENT '原价',
  `course_discount` decimal(11,2) DEFAULT NULL COMMENT '优惠价',
  `recommend` tinyint(1) unsigned DEFAULT NULL COMMENT '推荐（0：推荐，1：普通）审核后得到',
  `status_id` tinyint(1) unsigned DEFAULT NULL COMMENT '状态0:待发布 1：发布上架 2:下架',
  `putaway_beg_date` datetime DEFAULT NULL COMMENT '规划上架时间',
  `putaway_end_date` datetime DEFAULT NULL COMMENT '下架时间',
  `audit_status` int(11) NOT NULL DEFAULT '0' COMMENT '审核状态(0:待审核,1:审核通过(通过后自动上架),2:审核不通过)',
  `audit_opinion` varchar(1024) DEFAULT NULL COMMENT '审核意见',
  `score` int(11) unsigned DEFAULT NULL COMMENT '试卷评分',
  `count_buy` int(11) NOT NULL DEFAULT '0' COMMENT '购买人数',
  `count_study` int(11) NOT NULL DEFAULT '0' COMMENT '学习人数',
  `create_by` bigint(20) unsigned NOT NULL COMMENT '创建者',
  `create_date` datetime NOT NULL COMMENT '创建时间',
  `update_by` bigint(20) unsigned NOT NULL COMMENT '更新者',
  `update_date` datetime NOT NULL COMMENT '更新时间',
  `remarks` varchar(255) NOT NULL COMMENT '备注信息',
  `del_flag` tinyint(1) unsigned NOT NULL DEFAULT '0' COMMENT '删除标记',
  PRIMARY KEY (`id`)
) ENGINE=InnoDB DEFAULT CHARSET=utf8 ROW_FORMAT=DYNAMIC COMMENT='试卷详细信息';

-- ----------------------------
-- Records of exam_paper
-- ----------------------------

-- ----------------------------
-- Table structure for `exam_question`
-- ----------------------------
DROP TABLE IF EXISTS `exam_question`;
CREATE TABLE `exam_question` (
  `id` bigint(20) NOT NULL COMMENT '主键',
  `category_ids` varchar(255) DEFAULT '0' COMMENT '分类ID集合(逗号分隔)',
  `category_id` bigint(20) DEFAULT '0' COMMENT '分类ID',
  `question_type` tinyint(1) unsigned DEFAULT NULL COMMENT '1.单选题  2.多选题  3.判断题 4.填空题 5.简答题',
  `score` int(11) DEFAULT NULL COMMENT '题目总分(千分制)',
  `grade_level` int(11) DEFAULT NULL COMMENT '级别',
  `difficult` int(11) DEFAULT NULL COMMENT '题目难度',
  `correct` varchar(255) DEFAULT NULL COMMENT '正确答案',
  `text_content` text COMMENT '试卷框架 内容为JSON 题目  填空、 题干、解析、答案等信息',
  `create_by` bigint(20) unsigned NOT NULL COMMENT '创建者',
  `create_date` datetime NOT NULL COMMENT '创建时间',
  `update_by` bigint(20) unsigned NOT NULL COMMENT '更新者',
  `update_date` datetime NOT NULL COMMENT '更新时间',
  `remarks` varchar(255) NOT NULL COMMENT '备注信息',
  `del_flag` tinyint(1) unsigned NOT NULL DEFAULT '0' COMMENT '删除标记',
  PRIMARY KEY (`id`)
) ENGINE=InnoDB DEFAULT CHARSET=utf8 ROW_FORMAT=DYNAMIC COMMENT='题目详细信息';

-- ----------------------------
-- Records of exam_question
-- ----------------------------

-- ----------------------------
-- Table structure for `exam_user_answer`
-- ----------------------------
DROP TABLE IF EXISTS `exam_user_answer`;
CREATE TABLE `exam_user_answer` (
  `id` bigint(20) NOT NULL COMMENT '主键',
  `question_id` bigint(20) DEFAULT NULL COMMENT '题目Id',
  `exam_answer_id` bigint(20) DEFAULT NULL COMMENT '答案Id',
  `question_type` tinyint(1) unsigned DEFAULT NULL COMMENT '题型',
  `question_score` int(11) DEFAULT NULL COMMENT '题目原始分数',
  `customer_score` int(11) DEFAULT NULL COMMENT '得分',
  `answer` varchar(255) DEFAULT NULL COMMENT '做题答案',
  `text_content` varchar(255) DEFAULT NULL COMMENT '做题内容',
  `do_right` tinyint(1) unsigned DEFAULT NULL COMMENT '是否正确0 错误 1正确',
  `create_by` bigint(20) unsigned NOT NULL COMMENT '创建者（做题人）',
  `create_date` datetime NOT NULL COMMENT '创建时间',
  `update_by` bigint(20) unsigned NOT NULL COMMENT '更新者',
  `update_date` datetime NOT NULL COMMENT '更新时间',
  `remarks` varchar(255) NOT NULL COMMENT '备注信息',
  `del_flag` tinyint(1) unsigned NOT NULL DEFAULT '0' COMMENT '删除标记',
  PRIMARY KEY (`id`)
) ENGINE=InnoDB DEFAULT CHARSET=utf8 ROW_FORMAT=DYNAMIC COMMENT='测试结果详细信息';

-- ----------------------------
-- Records of exam_user_answer
-- ----------------------------

-- ----------------------------
-- Table structure for `exam_user_paper`
-- ----------------------------
DROP TABLE IF EXISTS `exam_user_paper`;
CREATE TABLE `exam_user_paper` (
  `id` bigint(20) NOT NULL COMMENT '主键',
  `exam_paper_id` bigint(20) DEFAULT NULL,
  `paper_name` varchar(255) DEFAULT NULL COMMENT '试卷名称',
  `category_ids` varchar(255) DEFAULT '0' COMMENT '分类ID集合(逗号分隔)',
  `category_id` bigint(20) DEFAULT '0' COMMENT '分类ID',
  `paper_type` tinyint(1) unsigned DEFAULT NULL COMMENT '试卷类型( 1固定试卷  2临时试卷 3班级试卷 4.时段试卷 )',
  `system_score` int(11) DEFAULT NULL COMMENT '系统判定得分',
  `user_score` int(11) DEFAULT NULL COMMENT '最终得分(千分制)',
  `paper_score` int(11) DEFAULT NULL COMMENT '试卷总分',
  `question_correct` int(11) DEFAULT NULL COMMENT '做对题目数量',
  `question_count` int(11) DEFAULT NULL COMMENT '题目总数量',
  `do_time` int(11) DEFAULT NULL COMMENT '做题时间(秒)',
  `status` tinyint(1) unsigned DEFAULT NULL COMMENT '试卷状态(1待判分 2完成)',
  `create_by` bigint(20) unsigned NOT NULL COMMENT '创建者（为做题人）',
  `create_date` datetime NOT NULL COMMENT '创建时间',
  `update_by` bigint(20) unsigned NOT NULL COMMENT '更新者',
  `update_date` datetime NOT NULL COMMENT '更新时间',
  `remarks` varchar(255) NOT NULL COMMENT '备注信息',
  `del_flag` tinyint(1) unsigned NOT NULL DEFAULT '0' COMMENT '删除标记',
  PRIMARY KEY (`id`)
) ENGINE=InnoDB DEFAULT CHARSET=utf8 ROW_FORMAT=DYNAMIC COMMENT='用户测试信息';

-- ----------------------------
-- Records of exam_user_paper
-- ----------------------------

-- ----------------------------
-- Table structure for `oauth_client_details`
-- ----------------------------
DROP TABLE IF EXISTS `oauth_client_details`;
CREATE TABLE `oauth_client_details` (
  `client_id` varchar(256) NOT NULL,
  `resource_ids` varchar(256) DEFAULT NULL,
  `client_secret` varchar(256) DEFAULT NULL,
  `scope` varchar(256) DEFAULT NULL,
  `authorized_grant_types` varchar(256) DEFAULT NULL,
  `web_server_redirect_uri` varchar(256) DEFAULT NULL,
  `authorities` varchar(256) DEFAULT NULL,
  `access_token_validity` int(11) DEFAULT NULL,
  `refresh_token_validity` int(11) DEFAULT NULL,
  `additional_information` varchar(4096) DEFAULT NULL,
  `autoapprove` varchar(256) DEFAULT NULL,
  PRIMARY KEY (`client_id`)
) ENGINE=InnoDB DEFAULT CHARSET=utf8;

-- ----------------------------
-- Records of oauth_client_details
-- ----------------------------
INSERT INTO `oauth_client_details` VALUES ('client', null, '$2a$10$k9tBdw0GHbLtToX2Apheq.bR/D2WYWb5Rq0oPJt1Hn2axpsA.CI9O', 'app', 'password,refresh_token', null, null, '10000', '19900', null, null);
INSERT INTO `oauth_client_details` VALUES ('client_1', null, '$2a$10$k9tBdw0GHbLtToX2Apheq.bR/D2WYWb5Rq0oPJt1Hn2axpsA.CI9O', 'app', 'authorization_code,refresh_token', 'http://www.baidu.com', null, '10000', '19900', null, 'false');
INSERT INTO `oauth_client_details` VALUES ('client_2', null, '$2a$10$k9tBdw0GHbLtToX2Apheq.bR/D2WYWb5Rq0oPJt1Hn2axpsA.CI9O', 'app', 'authorization_code,password,refresh_token', null, null, '10000', '19900', null, null);

-- ----------------------------
-- Table structure for `order_info`
-- ----------------------------
DROP TABLE IF EXISTS `order_info`;
CREATE TABLE `order_info` (
  `id` bigint(20) NOT NULL COMMENT '主键',
  `order_no` bigint(20) NOT NULL COMMENT '订单号',
  `type` tinyint(1) NOT NULL DEFAULT '0' COMMENT '类型0：课程 1:试卷',
  `resources_id` bigint(20) unsigned DEFAULT NULL COMMENT '关联资源(课程:课程id，试卷：试卷id)',
  `resources_name` varchar(50) NOT NULL COMMENT '课程名称/试卷名称',
  `lecturer_user_id` bigint(20) NOT NULL COMMENT '讲师用户id',
  `price_payable` decimal(11,2) DEFAULT NULL COMMENT '应付金额',
  `price_discount` decimal(11,2) DEFAULT NULL COMMENT '优惠金额',
  `price_paid` decimal(11,2) DEFAULT NULL COMMENT '实付金额',
  `platform_profit` decimal(11,2) DEFAULT NULL COMMENT '平台收入',
  `lecturer_profit` decimal(11,2) DEFAULT NULL COMMENT '讲师收入',
  `trade_type` tinyint(1) unsigned NOT NULL DEFAULT '0' COMMENT '交易类型：1线上支付，2线下支付',
  `pay_type` tinyint(1) unsigned NOT NULL DEFAULT '0' COMMENT '支付方式：1微信支付，2支付宝支付',
  `channel_type` tinyint(1) unsigned NOT NULL DEFAULT '0' COMMENT '购买渠道：1web',
  `order_status` tinyint(1) unsigned NOT NULL DEFAULT '0' COMMENT '订单状态：1待支付，2成功支付，3支付失败，4已关闭 5已退款',
  `create_by` bigint(20) unsigned NOT NULL COMMENT '创建者',
  `create_date` datetime NOT NULL COMMENT '创建时间',
  `update_by` bigint(20) unsigned NOT NULL COMMENT '更新者',
  `update_date` datetime NOT NULL COMMENT '更新时间',
  `remarks` varchar(255) NOT NULL DEFAULT '' COMMENT '备注信息',
  `del_flag` tinyint(1) unsigned NOT NULL DEFAULT '0' COMMENT '删除标记',
  PRIMARY KEY (`id`)
) ENGINE=InnoDB DEFAULT CHARSET=utf8 ROW_FORMAT=DYNAMIC COMMENT='订单信息表';

-- ----------------------------
-- Records of order_info
-- ----------------------------

-- ----------------------------
-- Table structure for `sys_area`
-- ----------------------------
DROP TABLE IF EXISTS `sys_area`;
CREATE TABLE `sys_area` (
  `id` bigint(20) unsigned NOT NULL COMMENT '编号',
  `parent_id` bigint(20) unsigned NOT NULL COMMENT '父级编号',
  `parent_ids` varchar(2000) NOT NULL COMMENT '所有父级编号',
  `name` varchar(100) NOT NULL COMMENT '名称',
  `sort` decimal(10,0) NOT NULL COMMENT '排序',
  `code` varchar(100) DEFAULT NULL COMMENT '区域编码',
  `type` char(1) DEFAULT NULL COMMENT '区域类型',
  `create_by` bigint(20) unsigned NOT NULL COMMENT '创建者',
  `create_date` datetime NOT NULL COMMENT '创建时间',
  `update_by` bigint(20) unsigned NOT NULL COMMENT '更新者',
  `update_date` datetime NOT NULL COMMENT '更新时间',
  `remarks` varchar(255) NOT NULL DEFAULT '' COMMENT '备注信息',
  `del_flag` tinyint(1) unsigned NOT NULL DEFAULT '0' COMMENT '删除标记',
  PRIMARY KEY (`id`),
  KEY `sys_area_parent_id` (`parent_id`),
  KEY `sys_area_del_flag` (`del_flag`)
) ENGINE=InnoDB DEFAULT CHARSET=utf8 COMMENT='区域表';

-- ----------------------------
-- Records of sys_area
-- ----------------------------
INSERT INTO `sys_area` VALUES ('1', '0', '0,', '中国', '10', '100000', '1', '1', '2013-05-27 08:00:00', '1', '2013-05-27 08:00:00', '', '0');
INSERT INTO `sys_area` VALUES ('2', '1', '0,1,', '山东省', '20', '110000', '2', '1', '2013-05-27 08:00:00', '1', '2013-05-27 08:00:00', '', '0');
INSERT INTO `sys_area` VALUES ('3', '2', '0,1,2,', '济南市', '30', '110101', '3', '1', '2013-05-27 08:00:00', '1', '2013-05-27 08:00:00', '', '0');
INSERT INTO `sys_area` VALUES ('4', '3', '0,1,2,3,', '历城区', '40', '110102', '4', '1', '2013-05-27 08:00:00', '1', '2013-05-27 08:00:00', '', '0');
INSERT INTO `sys_area` VALUES ('5', '3', '0,1,2,3,', '历下区', '50', '110104', '4', '1', '2013-05-27 08:00:00', '1', '2013-05-27 08:00:00', '', '0');
INSERT INTO `sys_area` VALUES ('6', '3', '0,1,2,3,', '高新区', '60', '110105', '4', '1', '2013-05-27 08:00:00', '1', '2013-05-27 08:00:00', '', '0');

-- ----------------------------
-- Table structure for `sys_data_source_conf`
-- ----------------------------
DROP TABLE IF EXISTS `sys_data_source_conf`;
CREATE TABLE `sys_data_source_conf` (
  `id` bigint(20) unsigned NOT NULL COMMENT '主键',
  `name` varchar(255) DEFAULT NULL COMMENT '名称',
  `url` varchar(255) DEFAULT NULL,
  `username` varchar(255) DEFAULT NULL,
  `password` varchar(255) DEFAULT NULL,
  `create_by` bigint(20) unsigned NOT NULL COMMENT '创建者',
  `create_date` datetime NOT NULL COMMENT '创建时间',
  `update_by` bigint(20) unsigned NOT NULL COMMENT '更新者',
  `update_date` datetime NOT NULL COMMENT '更新时间',
  `remarks` varchar(255) CHARACTER SET utf8 NOT NULL DEFAULT '' COMMENT '备注信息',
  `del_flag` tinyint(1) unsigned NOT NULL DEFAULT '0' COMMENT '删除标记',
  PRIMARY KEY (`id`)
) ENGINE=InnoDB DEFAULT CHARSET=utf8mb4 COMMENT='数据源表';

-- ----------------------------
-- Records of sys_data_source_conf
-- ----------------------------
INSERT INTO `sys_data_source_conf` VALUES ('1', 'database1', 'jdbc:mysql://119.23.8.73:3306/cloud_crm?autoReconnect=true&useUnicode=true&characterEncoding=utf8&zeroDateTimeBehavior=CONVERT_TO_NULL&useSSL=false&serverTimezone=UTC', 'root', 'mycomm123', '1', '2019-06-13 23:24:03', '1', '2019-06-19 23:24:09', '', '0');

-- ----------------------------
-- Table structure for `sys_dict`
-- ----------------------------
DROP TABLE IF EXISTS `sys_dict`;
CREATE TABLE `sys_dict` (
  `id` bigint(20) NOT NULL COMMENT '编号',
  `type` bigint(20) DEFAULT NULL COMMENT '类型字典/树',
  `type_code` varchar(100) DEFAULT NULL COMMENT '类型编码',
  `description` varchar(100) DEFAULT NULL,
  `system` tinyint(1) DEFAULT '0' COMMENT '是否是系统级别数据 1 系统 0 非系统',
  `create_by` bigint(20) unsigned NOT NULL COMMENT '创建者',
  `create_date` datetime NOT NULL COMMENT '创建时间',
  `update_by` bigint(20) unsigned NOT NULL COMMENT '更新者',
  `update_date` datetime NOT NULL COMMENT '更新时间',
  `remarks` varchar(255) NOT NULL COMMENT '备注信息',
  `del_flag` tinyint(1) unsigned NOT NULL DEFAULT '0' COMMENT '删除标记',
  PRIMARY KEY (`id`) USING BTREE
) ENGINE=InnoDB DEFAULT CHARSET=utf8 COMMENT='字典表';

-- ----------------------------
-- Records of sys_dict
-- ----------------------------

-- ----------------------------
-- Table structure for `sys_dict_list`
-- ----------------------------
DROP TABLE IF EXISTS `sys_dict_list`;
CREATE TABLE `sys_dict_list` (
  `id` bigint(20) NOT NULL COMMENT '编号',
  `dict_id` bigint(20) NOT NULL COMMENT 'dict的id',
  `value` varchar(100) DEFAULT NULL,
  `label` varchar(100) DEFAULT NULL,
  `type_code` varchar(100) DEFAULT NULL COMMENT '编码',
  `sort` int(10) NOT NULL DEFAULT '0' COMMENT '排序（升序）',
  `create_by` bigint(20) unsigned NOT NULL COMMENT '创建者',
  `create_date` datetime NOT NULL COMMENT '创建时间',
  `update_by` bigint(20) unsigned NOT NULL COMMENT '更新者',
  `update_date` datetime NOT NULL COMMENT '更新时间',
  `remarks` varchar(255) NOT NULL COMMENT '备注信息',
  `del_flag` tinyint(1) unsigned NOT NULL DEFAULT '0' COMMENT '删除标记',
  PRIMARY KEY (`id`) USING BTREE,
  KEY `sys_dict_value` (`value`) USING BTREE,
  KEY `sys_dict_label` (`label`) USING BTREE
) ENGINE=InnoDB DEFAULT CHARSET=utf8 COMMENT='字典项list';

-- ----------------------------
-- Records of sys_dict_list
-- ----------------------------

-- ----------------------------
-- Table structure for `sys_dict_tree`
-- ----------------------------
DROP TABLE IF EXISTS `sys_dict_tree`;
CREATE TABLE `sys_dict_tree` (
  `id` bigint(20) unsigned NOT NULL COMMENT '编号',
  `dict_id` bigint(20) NOT NULL,
  `parent_id` bigint(20) unsigned NOT NULL COMMENT '父级编号',
  `parent_ids` varchar(2000) NOT NULL COMMENT '所有父级编号',
  `type_code` varchar(100) DEFAULT NULL COMMENT '字典类型code',
  `name` varchar(100) DEFAULT NULL COMMENT '标签',
  `value` varchar(100) DEFAULT NULL COMMENT '编码；一般唯一',
  `sort` int(10) NOT NULL DEFAULT '0' COMMENT '排序（升序）',
  `create_by` bigint(20) unsigned NOT NULL COMMENT '创建者',
  `create_date` datetime NOT NULL COMMENT '创建时间',
  `update_by` bigint(20) unsigned NOT NULL COMMENT '更新者',
  `update_date` datetime NOT NULL COMMENT '更新时间',
  `remarks` varchar(255) NOT NULL DEFAULT '' COMMENT '备注信息',
  `del_flag` tinyint(1) unsigned NOT NULL DEFAULT '0' COMMENT '删除标记',
  PRIMARY KEY (`id`)
) ENGINE=InnoDB DEFAULT CHARSET=utf8 COMMENT='字典项tree';

-- ----------------------------
-- Records of sys_dict_tree
-- ----------------------------

-- ----------------------------
-- Table structure for `sys_email_template`
-- ----------------------------
DROP TABLE IF EXISTS `sys_email_template`;
CREATE TABLE `sys_email_template` (
  `id` bigint(20) NOT NULL COMMENT '编号',
  `sender_name` varchar(100) NOT NULL DEFAULT '' COMMENT '邮件名称',
  `sender_account` varchar(100) NOT NULL COMMENT '发送邮件帐号',
  `sort` int(10) NOT NULL DEFAULT '0' COMMENT '排序（升序）',
  `title` varchar(100) NOT NULL COMMENT '标题模版',
  `template` varchar(2000) NOT NULL COMMENT '内容模板',
  `create_by` bigint(20) unsigned NOT NULL COMMENT '创建者',
  `create_date` datetime NOT NULL COMMENT '创建时间',
  `update_by` bigint(20) unsigned NOT NULL COMMENT '更新者',
  `update_date` datetime NOT NULL COMMENT '更新时间',
  `remarks` varchar(255) NOT NULL DEFAULT '' COMMENT '备注信息',
  `del_flag` tinyint(1) unsigned NOT NULL DEFAULT '0' COMMENT '删除标记',
  PRIMARY KEY (`id`)
) ENGINE=InnoDB DEFAULT CHARSET=utf8 COMMENT='邮件模版表';

-- ----------------------------
-- Records of sys_email_template
-- ----------------------------

-- ----------------------------
-- Table structure for `sys_file`
-- ----------------------------
DROP TABLE IF EXISTS `sys_file`;
CREATE TABLE `sys_file` (
  `id` bigint(20) NOT NULL COMMENT '编号',
  `belong_name` varchar(100) NOT NULL DEFAULT '' COMMENT '归属应用',
  `belong_type` varchar(100) NOT NULL DEFAULT '' COMMENT '归属应用类别',
  `belong_status` tinyint(1) unsigned NOT NULL DEFAULT '0' COMMENT '归属应用状态；0：开启 ',
  `pre_path` varchar(100) DEFAULT NULL COMMENT '文件地址前缀',
  `file_name` varchar(100) NOT NULL DEFAULT '' COMMENT '文件名称（）目录名称',
  `file_url` varchar(200) NOT NULL DEFAULT '' COMMENT '文件外网访问路径',
  `file_path` varchar(100) NOT NULL DEFAULT '' COMMENT '文件存储路径',
  `type` varchar(50) DEFAULT NULL COMMENT '文件类型(视频类型:0;音频类型:1; zip类型:2; doc类型:3; 图片类型:4; 其他类型:9;)',
  `file_size` bigint(50) DEFAULT '0' COMMENT '文件大小',
  `file_suffix` varchar(10) NOT NULL DEFAULT '' COMMENT '文件后缀',
  `props` varchar(20) DEFAULT '' COMMENT '文件属性',
  `create_by` bigint(20) unsigned NOT NULL COMMENT '创建者',
  `create_date` datetime NOT NULL COMMENT '创建时间',
  `update_by` bigint(20) unsigned NOT NULL COMMENT '更新者',
  `update_date` datetime NOT NULL COMMENT '更新时间',
  `remarks` varchar(255) NOT NULL DEFAULT '' COMMENT '备注信息',
  `del_flag` tinyint(1) unsigned NOT NULL DEFAULT '0' COMMENT '删除标记',
  PRIMARY KEY (`id`)
) ENGINE=InnoDB DEFAULT CHARSET=utf8 COMMENT='文件统一管理(目录也是文件一种)';

-- ----------------------------
-- Records of sys_file
-- ----------------------------
INSERT INTO `sys_file` VALUES ('1177472123753598976', 'default', 'default', '4', 'default', '1.csv', 'http://bj-oss-d-shujiajia.oss-cn-beijing.aliyuncs.com/default/default/default/20190927/142729/1.csv?Expires=1569906825&OSSAccessKeyId=LTAIER3YM8cdW2yI&Signature=UfrrsNUUIkP8npUxGX61YnD3agI%3D', 'default/default/default/20190927/142729/1.csv', '3', '0', 'csv', '', '1', '2019-09-27 14:36:45', '1', '2019-09-27 14:36:45', '', '0');
INSERT INTO `sys_file` VALUES ('1178500048879751168', 'default', 'default', '8', 'default', '1.csv', 'http://bj-oss-d-shujiajia.oss-cn-beijing.aliyuncs.com/default/default/default/20190930/103959/1.csv?Expires=1570151901&OSSAccessKeyId=LTAIER3YM8cdW2yI&Signature=B6RvY1h22tTWY5X7v4MpLbQayFY%3D', 'default/default/default/20190930/103959/1.csv', '3', '51', 'csv', '', '1', '2019-09-30 10:41:22', '1', '2019-09-30 10:41:22', '', '0');

-- ----------------------------
-- Table structure for `sys_menu`
-- ----------------------------
DROP TABLE IF EXISTS `sys_menu`;
CREATE TABLE `sys_menu` (
  `id` bigint(20) unsigned NOT NULL COMMENT '编号',
  `parent_id` bigint(20) unsigned NOT NULL COMMENT '父级编号',
  `parent_ids` varchar(2000) NOT NULL COMMENT '所有父级编号',
  `name` varchar(100) NOT NULL COMMENT '名称',
  `sort` decimal(10,0) NOT NULL COMMENT '排序',
  `href` varchar(2000) DEFAULT NULL COMMENT '链接',
  `target` varchar(20) DEFAULT NULL COMMENT '目标',
  `icon` varchar(100) DEFAULT NULL COMMENT '图标',
  `is_show` char(1) NOT NULL COMMENT '是否在菜单中显示',
  `permission` varchar(200) DEFAULT NULL COMMENT '权限标识',
  `create_by` bigint(20) unsigned NOT NULL COMMENT '创建者',
  `create_date` datetime NOT NULL COMMENT '创建时间',
  `update_by` bigint(20) unsigned NOT NULL COMMENT '更新者',
  `update_date` datetime NOT NULL COMMENT '更新时间',
  `remarks` varchar(255) NOT NULL COMMENT '备注信息',
  `del_flag` tinyint(1) unsigned NOT NULL DEFAULT '0' COMMENT '删除标记',
  PRIMARY KEY (`id`),
  KEY `sys_menu_parent_id` (`parent_id`),
  KEY `sys_menu_del_flag` (`del_flag`)
) ENGINE=InnoDB DEFAULT CHARSET=utf8 COMMENT='菜单表';

-- ----------------------------
-- Records of sys_menu
-- ----------------------------
INSERT INTO `sys_menu` VALUES ('1', '0', '0,', '功能菜单', '0', null, null, null, '1', null, '1', '2013-05-27 08:00:00', '1', '2013-05-27 08:00:00', '', '0');
INSERT INTO `sys_menu` VALUES ('2', '1', '0,1,', '系统设置', '900', null, null, null, '1', null, '1', '2013-05-27 08:00:00', '1', '2013-05-27 08:00:00', '', '0');
INSERT INTO `sys_menu` VALUES ('3', '2', '0,1,2,', '系统设置', '980', null, null, null, '1', null, '1', '2013-05-27 08:00:00', '1', '2013-05-27 08:00:00', '', '0');
INSERT INTO `sys_menu` VALUES ('4', '3', '0,1,2,3,', '菜单管理', '30', '/sys/menu/', null, 'list-alt', '1', null, '1', '2013-05-27 08:00:00', '1', '2013-05-27 08:00:00', '', '0');
INSERT INTO `sys_menu` VALUES ('5', '4', '0,1,2,3,4,', '查看', '30', null, null, null, '0', 'sys:menu:view', '1', '2013-05-27 08:00:00', '1', '2013-05-27 08:00:00', '', '0');
INSERT INTO `sys_menu` VALUES ('6', '4', '0,1,2,3,4,', '修改', '40', null, null, null, '0', 'sys:menu:edit', '1', '2013-05-27 08:00:00', '1', '2013-05-27 08:00:00', '', '0');
INSERT INTO `sys_menu` VALUES ('7', '3', '0,1,2,3,', '角色管理', '50', '/sys/role/', null, 'lock', '1', null, '1', '2013-05-27 08:00:00', '1', '2013-05-27 08:00:00', '', '0');
INSERT INTO `sys_menu` VALUES ('8', '7', '0,1,2,3,7,', '查看', '30', null, null, null, '0', 'sys:role:view', '1', '2013-05-27 08:00:00', '1', '2013-05-27 08:00:00', '', '0');
INSERT INTO `sys_menu` VALUES ('9', '7', '0,1,2,3,7,', '修改', '40', null, null, null, '0', 'sys:role:edit', '1', '2013-05-27 08:00:00', '1', '2013-05-27 08:00:00', '', '0');
INSERT INTO `sys_menu` VALUES ('10', '3', '0,1,2,3,', '字典管理', '60', '/sys/dict/', null, 'th-list', '1', null, '1', '2013-05-27 08:00:00', '1', '2013-05-27 08:00:00', '', '0');
INSERT INTO `sys_menu` VALUES ('11', '10', '0,1,2,3,10,', '查看', '30', null, null, null, '0', 'sys:dict:view', '1', '2013-05-27 08:00:00', '1', '2013-05-27 08:00:00', '', '0');
INSERT INTO `sys_menu` VALUES ('12', '10', '0,1,2,3,10,', '修改', '40', null, null, null, '0', 'sys:dict:edit', '1', '2013-05-27 08:00:00', '1', '2013-05-27 08:00:00', '', '0');
INSERT INTO `sys_menu` VALUES ('13', '2', '0,1,2,', '机构用户', '970', null, null, null, '1', null, '1', '2013-05-27 08:00:00', '1', '2013-05-27 08:00:00', '', '0');
INSERT INTO `sys_menu` VALUES ('14', '13', '0,1,2,13,', '区域管理', '50', '/sys/area/', null, 'th', '1', null, '1', '2013-05-27 08:00:00', '1', '2013-05-27 08:00:00', '', '0');
INSERT INTO `sys_menu` VALUES ('15', '14', '0,1,2,13,14,', '查看', '30', null, null, null, '0', 'sys:area:view', '1', '2013-05-27 08:00:00', '1', '2013-05-27 08:00:00', '', '0');
INSERT INTO `sys_menu` VALUES ('16', '14', '0,1,2,13,14,', '修改', '40', null, null, null, '0', 'sys:area:edit', '1', '2013-05-27 08:00:00', '1', '2013-05-27 08:00:00', '', '0');
INSERT INTO `sys_menu` VALUES ('17', '13', '0,1,2,13,', '机构管理', '40', '/sys/office/', null, 'th-large', '1', null, '1', '2013-05-27 08:00:00', '1', '2013-05-27 08:00:00', '', '0');
INSERT INTO `sys_menu` VALUES ('18', '17', '0,1,2,13,17,', '查看', '30', null, null, null, '0', 'sys:office:view', '1', '2013-05-27 08:00:00', '1', '2013-05-27 08:00:00', '', '0');
INSERT INTO `sys_menu` VALUES ('19', '17', '0,1,2,13,17,', '修改', '40', null, null, null, '0', 'sys:office:edit', '1', '2013-05-27 08:00:00', '1', '2013-05-27 08:00:00', '', '0');
INSERT INTO `sys_menu` VALUES ('20', '13', '0,1,2,13,', '用户管理', '30', '/sys/user/index', null, 'user', '1', null, '1', '2013-05-27 08:00:00', '1', '2013-05-27 08:00:00', '', '0');
INSERT INTO `sys_menu` VALUES ('21', '20', '0,1,2,13,20,', '查看', '30', null, null, null, '0', 'sys:user:view', '1', '2013-05-27 08:00:00', '1', '2013-05-27 08:00:00', '', '0');
INSERT INTO `sys_menu` VALUES ('22', '20', '0,1,2,13,20,', '修改', '40', null, null, null, '0', 'sys:user:edit', '1', '2013-05-27 08:00:00', '1', '2013-05-27 08:00:00', '', '0');
INSERT INTO `sys_menu` VALUES ('23', '2', '0,1,2,', '关于帮助', '990', null, null, null, '0', null, '1', '2013-05-27 08:00:00', '1', '2013-05-27 08:00:00', '', '0');
INSERT INTO `sys_menu` VALUES ('24', '23', '0,1,2,23', '官方首页', '30', 'http://jeesite.com', '_blank', null, '0', null, '1', '2013-05-27 08:00:00', '1', '2013-05-27 08:00:00', '', '0');
INSERT INTO `sys_menu` VALUES ('25', '23', '0,1,2,23', '项目支持', '50', 'http://jeesite.com/donation.html', '_blank', null, '0', null, '1', '2013-05-27 08:00:00', '1', '2013-05-27 08:00:00', '', '1');
INSERT INTO `sys_menu` VALUES ('26', '23', '0,1,2,23', '论坛交流', '80', 'http://bbs.jeesite.com', '_blank', null, '0', null, '1', '2013-05-27 08:00:00', '1', '2013-05-27 08:00:00', '', '1');
INSERT INTO `sys_menu` VALUES ('27', '1', '0,1,', '我的面板', '100', null, null, null, '1', null, '1', '2013-05-27 08:00:00', '1', '2013-05-27 08:00:00', '', '0');
INSERT INTO `sys_menu` VALUES ('28', '27', '0,1,27,', '个人信息', '30', null, null, null, '1', null, '1', '2013-05-27 08:00:00', '1', '2013-05-27 08:00:00', '', '0');
INSERT INTO `sys_menu` VALUES ('29', '28', '0,1,27,28,', '个人信息', '30', '/sys/user/info', null, 'user', '1', null, '1', '2013-05-27 08:00:00', '1', '2013-05-27 08:00:00', '', '0');
INSERT INTO `sys_menu` VALUES ('30', '28', '0,1,27,28,', '修改密码', '40', '/sys/user/modifyPwd', null, 'lock', '1', null, '1', '2013-05-27 08:00:00', '1', '2013-05-27 08:00:00', '', '0');
INSERT INTO `sys_menu` VALUES ('31', '1', '0,1,', '内容管理', '500', null, null, null, '1', null, '1', '2013-05-27 08:00:00', '1', '2013-05-27 08:00:00', '', '0');
INSERT INTO `sys_menu` VALUES ('32', '31', '0,1,31,', '栏目设置', '990', null, null, null, '1', null, '1', '2013-05-27 08:00:00', '1', '2013-05-27 08:00:00', '', '0');
INSERT INTO `sys_menu` VALUES ('33', '32', '0,1,31,32', '栏目管理', '30', '/cms/category/', null, 'align-justify', '1', null, '1', '2013-05-27 08:00:00', '1', '2013-05-27 08:00:00', '', '0');
INSERT INTO `sys_menu` VALUES ('34', '33', '0,1,31,32,33,', '查看', '30', null, null, null, '0', 'cms:category:view', '1', '2013-05-27 08:00:00', '1', '2013-05-27 08:00:00', '', '0');
INSERT INTO `sys_menu` VALUES ('35', '33', '0,1,31,32,33,', '修改', '40', null, null, null, '0', 'cms:category:edit', '1', '2013-05-27 08:00:00', '1', '2013-05-27 08:00:00', '', '0');
INSERT INTO `sys_menu` VALUES ('36', '32', '0,1,31,32', '站点设置', '40', '/cms/site/', null, 'certificate', '1', null, '1', '2013-05-27 08:00:00', '1', '2013-05-27 08:00:00', '', '0');
INSERT INTO `sys_menu` VALUES ('37', '36', '0,1,31,32,36,', '查看', '30', null, null, null, '0', 'cms:site:view', '1', '2013-05-27 08:00:00', '1', '2013-05-27 08:00:00', '', '0');
INSERT INTO `sys_menu` VALUES ('38', '36', '0,1,31,32,36,', '修改', '40', null, null, null, '0', 'cms:site:edit', '1', '2013-05-27 08:00:00', '1', '2013-05-27 08:00:00', '', '0');
INSERT INTO `sys_menu` VALUES ('39', '32', '0,1,31,32', '切换站点', '50', '/cms/site/select', null, 'retweet', '1', 'cms:site:select', '1', '2013-05-27 08:00:00', '1', '2013-05-27 08:00:00', '', '0');
INSERT INTO `sys_menu` VALUES ('40', '31', '0,1,31,', '内容管理', '500', null, null, null, '1', 'cms:view', '1', '2013-05-27 08:00:00', '1', '2013-05-27 08:00:00', '', '0');
INSERT INTO `sys_menu` VALUES ('41', '40', '0,1,31,40,', '内容发布', '30', '/cms/', null, 'briefcase', '1', null, '1', '2013-05-27 08:00:00', '1', '2013-05-27 08:00:00', '', '0');
INSERT INTO `sys_menu` VALUES ('42', '41', '0,1,31,40,41,', '文章模型', '40', '/cms/article/', null, 'file', '0', null, '1', '2013-05-27 08:00:00', '1', '2013-05-27 08:00:00', '', '0');
INSERT INTO `sys_menu` VALUES ('43', '42', '0,1,31,40,41,42,', '查看', '30', null, null, null, '0', 'cms:article:view', '1', '2013-05-27 08:00:00', '1', '2013-05-27 08:00:00', '', '0');
INSERT INTO `sys_menu` VALUES ('44', '42', '0,1,31,40,41,42,', '修改', '40', null, null, null, '0', 'cms:article:edit', '1', '2013-05-27 08:00:00', '1', '2013-05-27 08:00:00', '', '0');
INSERT INTO `sys_menu` VALUES ('45', '42', '0,1,31,40,41,42,', '审核', '50', null, null, null, '0', 'cms:article:audit', '1', '2013-05-27 08:00:00', '1', '2013-05-27 08:00:00', '', '0');
INSERT INTO `sys_menu` VALUES ('46', '41', '0,1,31,40,41,', '链接模型', '60', '/cms/link/', null, 'random', '0', null, '1', '2013-05-27 08:00:00', '1', '2013-05-27 08:00:00', '', '0');
INSERT INTO `sys_menu` VALUES ('47', '46', '0,1,31,40,41,46,', '查看', '30', null, null, null, '0', 'cms:link:view', '1', '2013-05-27 08:00:00', '1', '2013-05-27 08:00:00', '', '0');
INSERT INTO `sys_menu` VALUES ('48', '46', '0,1,31,40,41,46,', '修改', '40', null, null, null, '0', 'cms:link:edit', '1', '2013-05-27 08:00:00', '1', '2013-05-27 08:00:00', '', '0');
INSERT INTO `sys_menu` VALUES ('49', '46', '0,1,31,40,41,46,', '审核', '50', null, null, null, '0', 'cms:link:audit', '1', '2013-05-27 08:00:00', '1', '2013-05-27 08:00:00', '', '0');
INSERT INTO `sys_menu` VALUES ('50', '40', '0,1,31,40,', '评论管理', '40', '/cms/comment/?status=2', null, 'comment', '1', null, '1', '2013-05-27 08:00:00', '1', '2013-05-27 08:00:00', '', '0');
INSERT INTO `sys_menu` VALUES ('51', '50', '0,1,31,40,50,', '查看', '30', null, null, null, '0', 'cms:comment:view', '1', '2013-05-27 08:00:00', '1', '2013-05-27 08:00:00', '', '0');
INSERT INTO `sys_menu` VALUES ('52', '50', '0,1,31,40,50,', '审核', '40', null, null, null, '0', 'cms:comment:edit', '1', '2013-05-27 08:00:00', '1', '2013-05-27 08:00:00', '', '0');
INSERT INTO `sys_menu` VALUES ('53', '40', '0,1,31,40,', '公共留言', '80', '/cms/guestbook/?status=2', null, 'glass', '1', null, '1', '2013-05-27 08:00:00', '1', '2013-05-27 08:00:00', '', '0');
INSERT INTO `sys_menu` VALUES ('54', '53', '0,1,31,40,53,', '查看', '30', null, null, null, '0', 'cms:guestbook:view', '1', '2013-05-27 08:00:00', '1', '2013-05-27 08:00:00', '', '0');
INSERT INTO `sys_menu` VALUES ('55', '53', '0,1,31,40,53,', '审核', '40', null, null, null, '0', 'cms:guestbook:edit', '1', '2013-05-27 08:00:00', '1', '2013-05-27 08:00:00', '', '0');
INSERT INTO `sys_menu` VALUES ('56', '71', '0,1,27,71,', '文件管理', '90', '/../static/ckfinder/ckfinder.html', null, 'folder-open', '1', null, '1', '2013-05-27 08:00:00', '1', '2013-05-27 08:00:00', '', '0');
INSERT INTO `sys_menu` VALUES ('57', '56', '0,1,27,40,56,', '查看', '30', null, null, null, '0', 'cms:ckfinder:view', '1', '2013-05-27 08:00:00', '1', '2013-05-27 08:00:00', '', '0');
INSERT INTO `sys_menu` VALUES ('58', '56', '0,1,27,40,56,', '上传', '40', null, null, null, '0', 'cms:ckfinder:upload', '1', '2013-05-27 08:00:00', '1', '2013-05-27 08:00:00', '', '0');
INSERT INTO `sys_menu` VALUES ('59', '56', '0,1,27,40,56,', '修改', '50', null, null, null, '0', 'cms:ckfinder:edit', '1', '2013-05-27 08:00:00', '1', '2013-05-27 08:00:00', '', '0');
INSERT INTO `sys_menu` VALUES ('60', '31', '0,1,31,', '统计分析', '600', null, null, null, '1', null, '1', '2013-05-27 08:00:00', '1', '2013-05-27 08:00:00', '', '0');
INSERT INTO `sys_menu` VALUES ('61', '60', '0,1,31,60,', '信息量统计', '30', '/cms/stats/article', null, 'tasks', '1', 'cms:stats:article', '1', '2013-05-27 08:00:00', '1', '2013-05-27 08:00:00', '', '0');
INSERT INTO `sys_menu` VALUES ('62', '1', '0,1,', '在线办公', '200', null, null, null, '1', null, '1', '2013-05-27 08:00:00', '1', '2013-05-27 08:00:00', '', '0');
INSERT INTO `sys_menu` VALUES ('63', '62', '0,1,62,', '个人办公', '30', null, null, null, '1', null, '1', '2013-05-27 08:00:00', '1', '2013-05-27 08:00:00', '', '0');
INSERT INTO `sys_menu` VALUES ('64', '63', '0,1,62,63,', '请假办理', '300', '/oa/leave', null, 'leaf', '0', null, '1', '2013-05-27 08:00:00', '1', '2013-05-27 08:00:00', '', '0');
INSERT INTO `sys_menu` VALUES ('65', '64', '0,1,62,63,64,', '查看', '30', null, null, null, '0', 'oa:leave:view', '1', '2013-05-27 08:00:00', '1', '2013-05-27 08:00:00', '', '0');
INSERT INTO `sys_menu` VALUES ('66', '64', '0,1,62,63,64,', '修改', '40', null, null, null, '0', 'oa:leave:edit', '1', '2013-05-27 08:00:00', '1', '2013-05-27 08:00:00', '', '0');
INSERT INTO `sys_menu` VALUES ('67', '2', '0,1,2,', '日志查询', '985', null, null, null, '1', null, '1', '2013-06-03 08:00:00', '1', '2013-06-03 08:00:00', '', '0');
INSERT INTO `sys_menu` VALUES ('68', '67', '0,1,2,67,', '日志查询', '30', '/sys/log', null, 'pencil', '1', 'sys:log:view', '1', '2013-06-03 08:00:00', '1', '2013-06-03 08:00:00', '', '0');
INSERT INTO `sys_menu` VALUES ('69', '62', '0,1,62,', '流程管理', '300', null, null, null, '1', null, '1', '2013-05-27 08:00:00', '1', '2013-05-27 08:00:00', '', '0');
INSERT INTO `sys_menu` VALUES ('70', '69', '0,1,62,69,', '流程管理', '50', '/act/process', null, 'road', '1', 'act:process:edit', '1', '2013-05-27 08:00:00', '1', '2013-05-27 08:00:00', '', '0');
INSERT INTO `sys_menu` VALUES ('71', '27', '0,1,27,', '文件管理', '90', null, null, null, '1', null, '1', '2013-05-27 08:00:00', '1', '2013-05-27 08:00:00', '', '0');
INSERT INTO `sys_menu` VALUES ('72', '69', '0,1,62,69,', '模型管理', '100', '/act/model', null, 'road', '1', 'act:model:edit', '1', '2013-09-20 08:00:00', '1', '2013-09-20 08:00:00', '', '0');
INSERT INTO `sys_menu` VALUES ('73', '63', '0,1,62,63,', '我的任务', '50', '/act/task/todo/', null, 'tasks', '1', null, '1', '2013-09-24 08:00:00', '1', '2013-09-24 08:00:00', '', '0');
INSERT INTO `sys_menu` VALUES ('74', '63', '0,1,62,63,', '审批测试', '100', '/oa/testAudit', null, null, '1', 'oa:testAudit:view,oa:testAudit:edit', '1', '2013-09-24 08:00:00', '1', '2013-09-24 08:00:00', '', '0');
INSERT INTO `sys_menu` VALUES ('75', '1', '0,1,', '在线演示', '3000', null, null, null, '1', null, '1', '2013-10-08 08:00:00', '1', '2013-10-08 08:00:00', '', '1');
INSERT INTO `sys_menu` VALUES ('79', '1', '0,1,', '代码生成', '5000', null, null, null, '1', null, '1', '2013-10-16 08:00:00', '1', '2013-10-16 08:00:00', '', '0');
INSERT INTO `sys_menu` VALUES ('80', '79', '0,1,79,', '代码生成', '50', null, null, null, '1', null, '1', '2013-10-16 08:00:00', '1', '2013-10-16 08:00:00', '', '0');
INSERT INTO `sys_menu` VALUES ('81', '80', '0,1,79,80,', '生成方案配置', '30', '/gen/genScheme', null, null, '1', 'gen:genScheme:view,gen:genScheme:edit', '1', '2013-10-16 08:00:00', '1', '2013-10-16 08:00:00', '', '0');
INSERT INTO `sys_menu` VALUES ('82', '80', '0,1,79,80,', '业务表配置', '20', '/gen/genTable', null, null, '1', 'gen:genTable:view,gen:genTable:edit,gen:genTableColumn:view,gen:genTableColumn:edit', '1', '2013-10-16 08:00:00', '1', '2013-10-16 08:00:00', '', '0');
INSERT INTO `sys_menu` VALUES ('83', '80', '0,1,79,80,', '代码模板管理', '90', '/gen/genTemplate', null, null, '1', 'gen:genTemplate:view,gen:genTemplate:edit', '1', '2013-10-16 08:00:00', '1', '2013-10-16 08:00:00', '', '1');
INSERT INTO `sys_menu` VALUES ('84', '67', '0,1,2,67,', '连接池监视', '40', '/../druid', null, null, '1', null, '1', '2013-10-18 08:00:00', '1', '2013-10-18 08:00:00', '', '0');
INSERT INTO `sys_menu` VALUES ('85', '76', '0,1,75,76,', '行政区域', '80', '/../static/map/map-city.html', null, null, '1', null, '1', '2013-10-22 08:00:00', '1', '2013-10-22 08:00:00', '', '0');
INSERT INTO `sys_menu` VALUES ('86', '75', '0,1,75,', '组件演示', '50', null, null, null, '1', null, '1', '2013-10-22 08:00:00', '1', '2013-10-22 08:00:00', '', '1');
INSERT INTO `sys_menu` VALUES ('87', '86', '0,1,75,86,', '组件演示', '30', '/test/test/form', null, null, '1', 'test:test:view,test:test:edit', '1', '2013-10-22 08:00:00', '1', '2013-10-22 08:00:00', '', '1');
INSERT INTO `sys_menu` VALUES ('88', '62', '0,1,62,', '通知通告', '20', '', '', '', '1', '', '1', '2013-11-08 08:00:00', '1', '2013-11-08 08:00:00', '', '0');
INSERT INTO `sys_menu` VALUES ('89', '88', '0,1,62,88,', '我的通告', '30', '/oa/oaNotify/self', '', '', '1', '', '1', '2013-11-08 08:00:00', '1', '2013-11-08 08:00:00', '', '0');
INSERT INTO `sys_menu` VALUES ('90', '88', '0,1,62,88,', '通告管理', '50', '/oa/oaNotify', '', '', '1', 'oa:oaNotify:view,oa:oaNotify:edit', '1', '2013-11-08 08:00:00', '1', '2013-11-08 08:00:00', '', '0');
INSERT INTO `sys_menu` VALUES ('100', '1', '0,1,79,3c92c17886944d0687e73e286cada573,ba8092291b40482db8fe7fc006ea3d76,', '编辑', '60', '', '', '', '0', 'test:testData:edit', '1', '2013-08-12 13:10:05', '1', '2013-08-12 13:10:05', '', '0');
INSERT INTO `sys_menu` VALUES ('101', '2', '0,1,79,3c92c17886944d0687e73e286cada573,', '树结构', '90', '/test/testTree', '', '', '1', '', '1', '2013-08-12 13:10:05', '1', '2013-08-12 13:10:05', '', '0');
INSERT INTO `sys_menu` VALUES ('200', '3', '0,1,79,3c92c17886944d0687e73e286cada573,b1f6d1b86ba24365bae7fd86c5082317,', '查看', '30', '', '', '', '0', 'test:testDataMain:view', '1', '2013-08-12 13:10:05', '1', '2013-08-12 13:10:05', '', '0');
INSERT INTO `sys_menu` VALUES ('230', '43', '0,1,79,3c92c17886944d0687e73e286cada573,0ca004d6b1bf4bcab9670a5060d82a55,', '编辑', '60', '', '', '', '0', 'test:testTree:edit', '1', '2013-08-12 13:10:05', '1', '2013-08-12 13:10:05', '', '0');
INSERT INTO `sys_menu` VALUES ('231', '2', '0,1,79,3c92c17886944d0687e73e286cada573,', '主子表', '60', '/test/testDataMain', '', '', '1', '', '1', '2013-08-12 13:10:05', '1', '2013-08-12 13:10:05', '', '0');
INSERT INTO `sys_menu` VALUES ('232', '2', '0,1,79,3c92c17886944d0687e73e286cada573,', '单表', '30', '/test/testData', '', '', '1', '', '1', '2013-08-12 13:10:05', '1', '2013-08-12 13:10:05', '', '0');
INSERT INTO `sys_menu` VALUES ('233', '2', '0,1,79,3c92c17886944d0687e73e286cada573,0ca004d6b1bf4bcab9670a5060d82a55,', '查看', '30', '', '', '', '0', 'test:testTree:view', '1', '2013-08-12 13:10:05', '1', '2013-08-12 13:10:05', '', '0');
INSERT INTO `sys_menu` VALUES ('234', '2', '0,1,79,3c92c17886944d0687e73e286cada573,b1f6d1b86ba24365bae7fd86c5082317,', '编辑', '60', '', '', '', '0', 'test:testDataMain:edit', '1', '2013-08-12 13:10:05', '1', '2013-08-12 13:10:05', '', '0');
INSERT INTO `sys_menu` VALUES ('235', '2', '0,1,79,3c92c17886944d0687e73e286cada573,ba8092291b40482db8fe7fc006ea3d76,', '查看', '30', '', '', '', '0', 'test:testData:view', '1', '2013-08-12 13:10:05', '1', '2013-08-12 13:10:05', '', '0');
INSERT INTO `sys_menu` VALUES ('239', '79', '0,1,79,', '生成示例', '120', '', '', '', '1', '', '1', '2013-08-12 13:10:05', '1', '2013-08-12 13:10:05', '', '0');

-- ----------------------------
-- Table structure for `sys_msg`
-- ----------------------------
DROP TABLE IF EXISTS `sys_msg`;
CREATE TABLE `sys_msg` (
  `id` bigint(20) NOT NULL COMMENT '编号',
  `request_id` varchar(100) NOT NULL DEFAULT '' COMMENT '发短信请求id',
  `type` char(1) NOT NULL DEFAULT '1' COMMENT '短信类型:1.用户注册验证码2.登录确认验证码',
  `mobile` varchar(11) NOT NULL COMMENT '手机号',
  `content` varchar(255) DEFAULT '' COMMENT '内容',
  `send_state` tinyint(1) NOT NULL COMMENT '发送状态 0 失败1 成功',
  `create_by` bigint(20) unsigned NOT NULL COMMENT '创建者',
  `create_date` datetime NOT NULL COMMENT '创建时间',
  `update_by` bigint(20) unsigned NOT NULL COMMENT '更新者',
  `update_date` datetime NOT NULL COMMENT '更新时间',
  `remarks` varchar(255) NOT NULL DEFAULT '' COMMENT '备注信息',
  `del_flag` tinyint(1) unsigned NOT NULL DEFAULT '0' COMMENT '删除标记',
  PRIMARY KEY (`id`)
) ENGINE=InnoDB DEFAULT CHARSET=utf8 COMMENT='短信发送消息日志';

-- ----------------------------
-- Records of sys_msg
-- ----------------------------

-- ----------------------------
-- Table structure for `sys_msg_config`
-- ----------------------------
DROP TABLE IF EXISTS `sys_msg_config`;
CREATE TABLE `sys_msg_config` (
  `id` bigint(20) unsigned NOT NULL COMMENT '编号',
  `sms_plat_url` varchar(255) NOT NULL COMMENT '短信平台地址',
  `sms_plat_account` varchar(255) NOT NULL COMMENT '短信平台帐号',
  `sms_plat_password` varchar(255) NOT NULL COMMENT '短信平台密码',
  `sender_name` varchar(255) DEFAULT NULL COMMENT '发送短信签名',
  `create_by` bigint(20) unsigned NOT NULL COMMENT '创建者',
  `create_date` datetime NOT NULL COMMENT '创建时间',
  `update_by` bigint(20) unsigned NOT NULL COMMENT '更新者',
  `update_date` datetime NOT NULL COMMENT '更新时间',
  `remarks` varchar(255) NOT NULL COMMENT '备注信息',
  `del_flag` tinyint(1) unsigned NOT NULL DEFAULT '0' COMMENT '删除标记',
  PRIMARY KEY (`id`)
) ENGINE=InnoDB DEFAULT CHARSET=utf8 COMMENT='短信配置信息';

-- ----------------------------
-- Records of sys_msg_config
-- ----------------------------

-- ----------------------------
-- Table structure for `sys_office`
-- ----------------------------
DROP TABLE IF EXISTS `sys_office`;
CREATE TABLE `sys_office` (
  `id` bigint(20) unsigned NOT NULL COMMENT '编号',
  `parent_id` bigint(20) unsigned NOT NULL COMMENT '父级编号',
  `parent_ids` varchar(2000) NOT NULL COMMENT '所有父级编号',
  `name` varchar(100) NOT NULL COMMENT '名称',
  `sort` decimal(10,0) NOT NULL COMMENT '排序',
  `area_id` bigint(20) unsigned NOT NULL COMMENT '归属区域',
  `code` varchar(100) DEFAULT NULL COMMENT '区域编码',
  `type` char(1) NOT NULL COMMENT '机构类型',
  `grade` char(1) NOT NULL COMMENT '机构等级',
  `address` varchar(255) DEFAULT NULL COMMENT '联系地址',
  `zip_code` varchar(100) DEFAULT NULL COMMENT '邮政编码',
  `master` varchar(100) DEFAULT NULL COMMENT '负责人',
  `phone` varchar(200) DEFAULT NULL COMMENT '电话',
  `fax` varchar(200) DEFAULT NULL COMMENT '传真',
  `email` varchar(200) DEFAULT NULL COMMENT '邮箱',
  `use_able` varchar(64) DEFAULT NULL COMMENT '是否启用',
  `primary_person` varchar(64) DEFAULT NULL COMMENT '主负责人',
  `deputy_person` varchar(64) DEFAULT NULL COMMENT '副负责人',
  `create_by` bigint(20) unsigned NOT NULL COMMENT '创建者',
  `create_date` datetime NOT NULL COMMENT '创建时间',
  `update_by` bigint(20) unsigned NOT NULL COMMENT '更新者',
  `update_date` datetime NOT NULL COMMENT '更新时间',
  `remarks` varchar(255) NOT NULL DEFAULT '' COMMENT '备注信息',
  `del_flag` tinyint(1) unsigned NOT NULL DEFAULT '0' COMMENT '删除标记',
  PRIMARY KEY (`id`),
  KEY `sys_office_parent_id` (`parent_id`),
  KEY `sys_office_del_flag` (`del_flag`),
  KEY `sys_office_type` (`type`)
) ENGINE=InnoDB DEFAULT CHARSET=utf8 COMMENT='机构表';

-- ----------------------------
-- Records of sys_office
-- ----------------------------
INSERT INTO `sys_office` VALUES ('1', '0', '0,', '山东省总公司', '10', '2', '100000', '1', '1', null, null, null, null, null, null, '1', null, null, '1', '2013-05-27 08:00:00', '1', '2013-05-27 08:00:00', '', '0');
INSERT INTO `sys_office` VALUES ('2', '1', '0,1,', '公司领导', '10', '2', '100001', '2', '1', null, null, null, null, null, null, '1', null, null, '1', '2013-05-27 08:00:00', '1', '2013-05-27 08:00:00', '', '0');
INSERT INTO `sys_office` VALUES ('3', '1', '0,1,', '综合部', '20', '2', '100002', '2', '1', null, null, null, null, null, null, '1', null, null, '1', '2013-05-27 08:00:00', '1', '2013-05-27 08:00:00', '', '0');
INSERT INTO `sys_office` VALUES ('4', '1', '0,1,', '市场部', '30', '2', '100003', '2', '1', null, null, null, null, null, null, '1', null, null, '1', '2013-05-27 08:00:00', '1', '2013-05-27 08:00:00', '', '0');
INSERT INTO `sys_office` VALUES ('5', '1', '0,1,', '技术部', '40', '2', '100004', '2', '1', null, null, null, null, null, null, '1', null, null, '1', '2013-05-27 08:00:00', '1', '2013-05-27 08:00:00', '', '0');
INSERT INTO `sys_office` VALUES ('6', '1', '0,1,', '研发部', '50', '2', '100005', '2', '1', null, null, null, null, null, null, '1', null, null, '1', '2013-05-27 08:00:00', '1', '2013-05-27 08:00:00', '', '0');
INSERT INTO `sys_office` VALUES ('7', '1', '0,1,', '济南市分公司', '20', '3', '200000', '1', '2', null, null, null, null, null, null, '1', null, null, '1', '2013-05-27 08:00:00', '1', '2013-05-27 08:00:00', '', '0');
INSERT INTO `sys_office` VALUES ('8', '7', '0,1,7,', '公司领导', '10', '3', '200001', '2', '2', null, null, null, null, null, null, '1', null, null, '1', '2013-05-27 08:00:00', '1', '2013-05-27 08:00:00', '', '0');
INSERT INTO `sys_office` VALUES ('9', '7', '0,1,7,', '综合部', '20', '3', '200002', '2', '2', null, null, null, null, null, null, '1', null, null, '1', '2013-05-27 08:00:00', '1', '2013-05-27 08:00:00', '', '0');
INSERT INTO `sys_office` VALUES ('10', '7', '0,1,7,', '市场部', '30', '3', '200003', '2', '2', null, null, null, null, null, null, '1', null, null, '1', '2013-05-27 08:00:00', '1', '2013-05-27 08:00:00', '', '0');
INSERT INTO `sys_office` VALUES ('11', '7', '0,1,7,', '技术部', '40', '3', '200004', '2', '2', null, null, null, null, null, null, '1', null, null, '1', '2013-05-27 08:00:00', '1', '2013-05-27 08:00:00', '', '0');
INSERT INTO `sys_office` VALUES ('12', '7', '0,1,7,', '历城区分公司', '0', '4', '201000', '1', '3', null, null, null, null, null, null, '1', null, null, '1', '2013-05-27 08:00:00', '1', '2013-05-27 08:00:00', '', '0');
INSERT INTO `sys_office` VALUES ('13', '12', '0,1,7,12,', '公司领导', '10', '4', '201001', '2', '3', null, null, null, null, null, null, '1', null, null, '1', '2013-05-27 08:00:00', '1', '2013-05-27 08:00:00', '', '0');
INSERT INTO `sys_office` VALUES ('14', '12', '0,1,7,12,', '综合部', '20', '4', '201002', '2', '3', null, null, null, null, null, null, '1', null, null, '1', '2013-05-27 08:00:00', '1', '2013-05-27 08:00:00', '', '0');
INSERT INTO `sys_office` VALUES ('15', '12', '0,1,7,12,', '市场部', '30', '4', '201003', '2', '3', null, null, null, null, null, null, '1', null, null, '1', '2013-05-27 08:00:00', '1', '2013-05-27 08:00:00', '', '0');
INSERT INTO `sys_office` VALUES ('16', '12', '0,1,7,12,', '技术部', '40', '4', '201004', '2', '3', null, null, null, null, null, null, '1', null, null, '1', '2013-05-27 08:00:00', '1', '2013-05-27 08:00:00', '', '0');
INSERT INTO `sys_office` VALUES ('17', '7', '0,1,7,', '历下区分公司', '40', '5', '201010', '1', '3', null, null, null, null, null, null, '1', null, null, '1', '2013-05-27 08:00:00', '1', '2013-05-27 08:00:00', '', '0');
INSERT INTO `sys_office` VALUES ('18', '17', '0,1,7,17,', '公司领导', '10', '5', '201011', '2', '3', null, null, null, null, null, null, '1', null, null, '1', '2013-05-27 08:00:00', '1', '2013-05-27 08:00:00', '', '0');
INSERT INTO `sys_office` VALUES ('19', '17', '0,1,7,17,', '综合部', '20', '5', '201012', '2', '3', null, null, null, null, null, null, '1', null, null, '1', '2013-05-27 08:00:00', '1', '2013-05-27 08:00:00', '', '0');
INSERT INTO `sys_office` VALUES ('20', '17', '0,1,7,17,', '市场部', '30', '5', '201013', '2', '3', null, null, null, null, null, null, '1', null, null, '1', '2013-05-27 08:00:00', '1', '2013-05-27 08:00:00', '', '0');
INSERT INTO `sys_office` VALUES ('21', '17', '0,1,7,17,', '技术部', '40', '5', '201014', '2', '3', null, null, null, null, null, null, '1', null, null, '1', '2013-05-27 08:00:00', '1', '2013-05-27 08:00:00', '', '0');
INSERT INTO `sys_office` VALUES ('22', '7', '0,1,7,', '高新区分公司', '50', '6', '201010', '1', '3', null, null, null, null, null, null, '1', null, null, '1', '2013-05-27 08:00:00', '1', '2013-05-27 08:00:00', '', '0');
INSERT INTO `sys_office` VALUES ('23', '22', '0,1,7,22,', '公司领导', '10', '6', '201011', '2', '3', null, null, null, null, null, null, '1', null, null, '1', '2013-05-27 08:00:00', '1', '2013-05-27 08:00:00', '', '0');
INSERT INTO `sys_office` VALUES ('24', '22', '0,1,7,22,', '综合部', '20', '6', '201012', '2', '3', null, null, null, null, null, null, '1', null, null, '1', '2013-05-27 08:00:00', '1', '2013-05-27 08:00:00', '', '0');
INSERT INTO `sys_office` VALUES ('25', '22', '0,1,7,22,', '市场部', '30', '6', '201013', '2', '3', null, null, null, null, null, null, '1', null, null, '1', '2013-05-27 08:00:00', '1', '2013-05-27 08:00:00', '', '0');
INSERT INTO `sys_office` VALUES ('26', '22', '0,1,7,22,', '技术部', '40', '6', '201014', '2', '3', null, null, null, null, null, null, '1', null, null, '1', '2013-05-27 08:00:00', '1', '2013-05-27 08:00:00', '', '0');

-- ----------------------------
-- Table structure for `sys_role`
-- ----------------------------
DROP TABLE IF EXISTS `sys_role`;
CREATE TABLE `sys_role` (
  `id` bigint(20) unsigned NOT NULL COMMENT '编号',
  `name` varchar(100) NOT NULL COMMENT '角色名称',
  `enname` varchar(255) DEFAULT NULL COMMENT '英文名称',
  `role_type` varchar(255) DEFAULT NULL COMMENT '角色类型',
  `data_scope` char(1) DEFAULT NULL COMMENT '数据范围',
  `is_sys` varchar(64) DEFAULT NULL COMMENT '是否系统数据',
  `useable` varchar(64) DEFAULT NULL COMMENT '是否可用',
  `create_by` bigint(20) unsigned NOT NULL COMMENT '创建者',
  `create_date` datetime NOT NULL COMMENT '创建时间',
  `update_by` bigint(20) unsigned NOT NULL COMMENT '更新者',
  `update_date` datetime NOT NULL COMMENT '更新时间',
  `remarks` varchar(255) NOT NULL DEFAULT '' COMMENT '备注信息',
  `del_flag` tinyint(1) unsigned NOT NULL DEFAULT '0' COMMENT '删除标记',
  PRIMARY KEY (`id`),
  KEY `sys_role_del_flag` (`del_flag`),
  KEY `sys_role_enname` (`enname`)
) ENGINE=InnoDB DEFAULT CHARSET=utf8 COMMENT='角色表';

-- ----------------------------
-- Records of sys_role
-- ----------------------------
INSERT INTO `sys_role` VALUES ('1', '系统管理员', 'dept', 'assignment', '1', null, '1', '1', '2013-05-27 08:00:00', '1', '2013-05-27 08:00:00', '', '0');
INSERT INTO `sys_role` VALUES ('2', '公司管理员', 'hr', 'assignment', '2', null, '1', '1', '2013-05-27 08:00:00', '1', '2013-05-27 08:00:00', ' ', '1');
INSERT INTO `sys_role` VALUES ('3', '本公司管理员', 'a', 'assignment', '3', null, '1', '1', '2013-05-27 08:00:00', '1', '2013-05-27 08:00:00', ' ', '0');
INSERT INTO `sys_role` VALUES ('4', '部门管理员', 'b', 'assignment', '4', null, '1', '1', '2013-05-27 08:00:00', '1', '2013-05-27 08:00:00', ' ', '0');
INSERT INTO `sys_role` VALUES ('5', '本部门管理员', 'c', 'assignment', '5', null, '1', '1', '2013-05-27 08:00:00', '1', '2013-05-27 08:00:00', ' ', '0');
INSERT INTO `sys_role` VALUES ('6', '普通用户', 'd', 'assignment', '8', null, '1', '1', '2013-05-27 08:00:00', '1', '2013-05-27 08:00:00', ' ', '0');
INSERT INTO `sys_role` VALUES ('7', '济南市管理员', 'e', 'assignment', '9', null, '1', '1', '2013-05-27 08:00:00', '1', '2013-05-27 08:00:00', ' ', '0');

-- ----------------------------
-- Table structure for `sys_role_menu`
-- ----------------------------
DROP TABLE IF EXISTS `sys_role_menu`;
CREATE TABLE `sys_role_menu` (
  `role_id` bigint(20) unsigned NOT NULL COMMENT '角色编号',
  `menu_id` bigint(20) unsigned NOT NULL COMMENT '菜单编号',
  PRIMARY KEY (`role_id`,`menu_id`)
) ENGINE=InnoDB DEFAULT CHARSET=utf8 COMMENT='角色-菜单';

-- ----------------------------
-- Records of sys_role_menu
-- ----------------------------
INSERT INTO `sys_role_menu` VALUES ('1', '1');
INSERT INTO `sys_role_menu` VALUES ('1', '2');
INSERT INTO `sys_role_menu` VALUES ('1', '3');
INSERT INTO `sys_role_menu` VALUES ('1', '4');
INSERT INTO `sys_role_menu` VALUES ('1', '5');
INSERT INTO `sys_role_menu` VALUES ('1', '6');
INSERT INTO `sys_role_menu` VALUES ('1', '7');
INSERT INTO `sys_role_menu` VALUES ('1', '8');
INSERT INTO `sys_role_menu` VALUES ('1', '9');
INSERT INTO `sys_role_menu` VALUES ('1', '10');
INSERT INTO `sys_role_menu` VALUES ('1', '11');
INSERT INTO `sys_role_menu` VALUES ('1', '12');
INSERT INTO `sys_role_menu` VALUES ('1', '13');
INSERT INTO `sys_role_menu` VALUES ('1', '14');
INSERT INTO `sys_role_menu` VALUES ('1', '15');
INSERT INTO `sys_role_menu` VALUES ('1', '16');
INSERT INTO `sys_role_menu` VALUES ('1', '17');
INSERT INTO `sys_role_menu` VALUES ('1', '18');
INSERT INTO `sys_role_menu` VALUES ('1', '19');
INSERT INTO `sys_role_menu` VALUES ('1', '20');
INSERT INTO `sys_role_menu` VALUES ('1', '21');
INSERT INTO `sys_role_menu` VALUES ('1', '22');
INSERT INTO `sys_role_menu` VALUES ('1', '23');
INSERT INTO `sys_role_menu` VALUES ('1', '24');
INSERT INTO `sys_role_menu` VALUES ('1', '25');
INSERT INTO `sys_role_menu` VALUES ('1', '26');
INSERT INTO `sys_role_menu` VALUES ('1', '27');
INSERT INTO `sys_role_menu` VALUES ('1', '28');
INSERT INTO `sys_role_menu` VALUES ('1', '29');
INSERT INTO `sys_role_menu` VALUES ('1', '30');
INSERT INTO `sys_role_menu` VALUES ('1', '31');
INSERT INTO `sys_role_menu` VALUES ('1', '32');
INSERT INTO `sys_role_menu` VALUES ('1', '33');
INSERT INTO `sys_role_menu` VALUES ('1', '34');
INSERT INTO `sys_role_menu` VALUES ('1', '35');
INSERT INTO `sys_role_menu` VALUES ('1', '36');
INSERT INTO `sys_role_menu` VALUES ('1', '37');
INSERT INTO `sys_role_menu` VALUES ('1', '38');
INSERT INTO `sys_role_menu` VALUES ('1', '39');
INSERT INTO `sys_role_menu` VALUES ('1', '40');
INSERT INTO `sys_role_menu` VALUES ('1', '41');
INSERT INTO `sys_role_menu` VALUES ('1', '42');
INSERT INTO `sys_role_menu` VALUES ('1', '43');
INSERT INTO `sys_role_menu` VALUES ('1', '44');
INSERT INTO `sys_role_menu` VALUES ('1', '45');
INSERT INTO `sys_role_menu` VALUES ('1', '46');
INSERT INTO `sys_role_menu` VALUES ('1', '47');
INSERT INTO `sys_role_menu` VALUES ('1', '48');
INSERT INTO `sys_role_menu` VALUES ('1', '49');
INSERT INTO `sys_role_menu` VALUES ('1', '50');
INSERT INTO `sys_role_menu` VALUES ('1', '51');
INSERT INTO `sys_role_menu` VALUES ('1', '52');
INSERT INTO `sys_role_menu` VALUES ('1', '53');
INSERT INTO `sys_role_menu` VALUES ('1', '54');
INSERT INTO `sys_role_menu` VALUES ('1', '55');
INSERT INTO `sys_role_menu` VALUES ('1', '56');
INSERT INTO `sys_role_menu` VALUES ('1', '57');
INSERT INTO `sys_role_menu` VALUES ('1', '58');
INSERT INTO `sys_role_menu` VALUES ('1', '59');
INSERT INTO `sys_role_menu` VALUES ('1', '60');
INSERT INTO `sys_role_menu` VALUES ('1', '61');
INSERT INTO `sys_role_menu` VALUES ('1', '62');
INSERT INTO `sys_role_menu` VALUES ('1', '63');
INSERT INTO `sys_role_menu` VALUES ('1', '64');
INSERT INTO `sys_role_menu` VALUES ('1', '65');
INSERT INTO `sys_role_menu` VALUES ('1', '66');
INSERT INTO `sys_role_menu` VALUES ('1', '67');
INSERT INTO `sys_role_menu` VALUES ('1', '68');
INSERT INTO `sys_role_menu` VALUES ('1', '69');
INSERT INTO `sys_role_menu` VALUES ('1', '70');
INSERT INTO `sys_role_menu` VALUES ('1', '71');
INSERT INTO `sys_role_menu` VALUES ('1', '72');
INSERT INTO `sys_role_menu` VALUES ('1', '73');
INSERT INTO `sys_role_menu` VALUES ('1', '74');
INSERT INTO `sys_role_menu` VALUES ('1', '75');
INSERT INTO `sys_role_menu` VALUES ('1', '76');
INSERT INTO `sys_role_menu` VALUES ('1', '77');
INSERT INTO `sys_role_menu` VALUES ('1', '78');
INSERT INTO `sys_role_menu` VALUES ('1', '79');
INSERT INTO `sys_role_menu` VALUES ('1', '80');
INSERT INTO `sys_role_menu` VALUES ('1', '81');
INSERT INTO `sys_role_menu` VALUES ('1', '82');
INSERT INTO `sys_role_menu` VALUES ('1', '83');
INSERT INTO `sys_role_menu` VALUES ('1', '84');
INSERT INTO `sys_role_menu` VALUES ('1', '85');
INSERT INTO `sys_role_menu` VALUES ('1', '86');
INSERT INTO `sys_role_menu` VALUES ('1', '87');
INSERT INTO `sys_role_menu` VALUES ('1', '88');
INSERT INTO `sys_role_menu` VALUES ('1', '89');
INSERT INTO `sys_role_menu` VALUES ('1', '90');
INSERT INTO `sys_role_menu` VALUES ('2', '1');
INSERT INTO `sys_role_menu` VALUES ('2', '2');
INSERT INTO `sys_role_menu` VALUES ('2', '3');
INSERT INTO `sys_role_menu` VALUES ('2', '4');
INSERT INTO `sys_role_menu` VALUES ('2', '5');
INSERT INTO `sys_role_menu` VALUES ('2', '6');
INSERT INTO `sys_role_menu` VALUES ('2', '7');
INSERT INTO `sys_role_menu` VALUES ('2', '8');
INSERT INTO `sys_role_menu` VALUES ('2', '9');
INSERT INTO `sys_role_menu` VALUES ('2', '10');
INSERT INTO `sys_role_menu` VALUES ('2', '11');
INSERT INTO `sys_role_menu` VALUES ('2', '12');
INSERT INTO `sys_role_menu` VALUES ('2', '13');
INSERT INTO `sys_role_menu` VALUES ('2', '14');
INSERT INTO `sys_role_menu` VALUES ('2', '15');
INSERT INTO `sys_role_menu` VALUES ('2', '16');
INSERT INTO `sys_role_menu` VALUES ('2', '17');
INSERT INTO `sys_role_menu` VALUES ('2', '18');
INSERT INTO `sys_role_menu` VALUES ('2', '19');
INSERT INTO `sys_role_menu` VALUES ('2', '20');
INSERT INTO `sys_role_menu` VALUES ('2', '21');
INSERT INTO `sys_role_menu` VALUES ('2', '22');
INSERT INTO `sys_role_menu` VALUES ('2', '23');
INSERT INTO `sys_role_menu` VALUES ('2', '24');
INSERT INTO `sys_role_menu` VALUES ('2', '25');
INSERT INTO `sys_role_menu` VALUES ('2', '26');
INSERT INTO `sys_role_menu` VALUES ('2', '27');
INSERT INTO `sys_role_menu` VALUES ('2', '28');
INSERT INTO `sys_role_menu` VALUES ('2', '29');
INSERT INTO `sys_role_menu` VALUES ('2', '30');
INSERT INTO `sys_role_menu` VALUES ('2', '31');
INSERT INTO `sys_role_menu` VALUES ('2', '32');
INSERT INTO `sys_role_menu` VALUES ('2', '33');
INSERT INTO `sys_role_menu` VALUES ('2', '34');
INSERT INTO `sys_role_menu` VALUES ('2', '35');
INSERT INTO `sys_role_menu` VALUES ('2', '36');
INSERT INTO `sys_role_menu` VALUES ('2', '37');
INSERT INTO `sys_role_menu` VALUES ('2', '38');
INSERT INTO `sys_role_menu` VALUES ('2', '39');
INSERT INTO `sys_role_menu` VALUES ('2', '40');
INSERT INTO `sys_role_menu` VALUES ('2', '41');
INSERT INTO `sys_role_menu` VALUES ('2', '42');
INSERT INTO `sys_role_menu` VALUES ('2', '43');
INSERT INTO `sys_role_menu` VALUES ('2', '44');
INSERT INTO `sys_role_menu` VALUES ('2', '45');
INSERT INTO `sys_role_menu` VALUES ('2', '46');
INSERT INTO `sys_role_menu` VALUES ('2', '47');
INSERT INTO `sys_role_menu` VALUES ('2', '48');
INSERT INTO `sys_role_menu` VALUES ('2', '49');
INSERT INTO `sys_role_menu` VALUES ('2', '50');
INSERT INTO `sys_role_menu` VALUES ('2', '51');
INSERT INTO `sys_role_menu` VALUES ('2', '52');
INSERT INTO `sys_role_menu` VALUES ('2', '53');
INSERT INTO `sys_role_menu` VALUES ('2', '54');
INSERT INTO `sys_role_menu` VALUES ('2', '55');
INSERT INTO `sys_role_menu` VALUES ('2', '56');
INSERT INTO `sys_role_menu` VALUES ('2', '57');
INSERT INTO `sys_role_menu` VALUES ('2', '58');
INSERT INTO `sys_role_menu` VALUES ('2', '59');
INSERT INTO `sys_role_menu` VALUES ('2', '60');
INSERT INTO `sys_role_menu` VALUES ('2', '61');
INSERT INTO `sys_role_menu` VALUES ('2', '62');
INSERT INTO `sys_role_menu` VALUES ('2', '63');
INSERT INTO `sys_role_menu` VALUES ('2', '64');
INSERT INTO `sys_role_menu` VALUES ('2', '65');
INSERT INTO `sys_role_menu` VALUES ('2', '66');
INSERT INTO `sys_role_menu` VALUES ('2', '67');
INSERT INTO `sys_role_menu` VALUES ('2', '68');
INSERT INTO `sys_role_menu` VALUES ('2', '69');
INSERT INTO `sys_role_menu` VALUES ('2', '70');
INSERT INTO `sys_role_menu` VALUES ('2', '71');
INSERT INTO `sys_role_menu` VALUES ('2', '72');
INSERT INTO `sys_role_menu` VALUES ('2', '73');
INSERT INTO `sys_role_menu` VALUES ('2', '74');
INSERT INTO `sys_role_menu` VALUES ('2', '75');
INSERT INTO `sys_role_menu` VALUES ('2', '76');
INSERT INTO `sys_role_menu` VALUES ('2', '77');
INSERT INTO `sys_role_menu` VALUES ('2', '78');
INSERT INTO `sys_role_menu` VALUES ('2', '79');
INSERT INTO `sys_role_menu` VALUES ('2', '80');
INSERT INTO `sys_role_menu` VALUES ('2', '81');
INSERT INTO `sys_role_menu` VALUES ('2', '82');
INSERT INTO `sys_role_menu` VALUES ('2', '83');
INSERT INTO `sys_role_menu` VALUES ('2', '84');
INSERT INTO `sys_role_menu` VALUES ('2', '85');
INSERT INTO `sys_role_menu` VALUES ('2', '86');
INSERT INTO `sys_role_menu` VALUES ('2', '87');
INSERT INTO `sys_role_menu` VALUES ('2', '88');
INSERT INTO `sys_role_menu` VALUES ('2', '89');
INSERT INTO `sys_role_menu` VALUES ('2', '90');
INSERT INTO `sys_role_menu` VALUES ('3', '1');
INSERT INTO `sys_role_menu` VALUES ('3', '2');
INSERT INTO `sys_role_menu` VALUES ('3', '3');
INSERT INTO `sys_role_menu` VALUES ('3', '4');
INSERT INTO `sys_role_menu` VALUES ('3', '5');
INSERT INTO `sys_role_menu` VALUES ('3', '6');
INSERT INTO `sys_role_menu` VALUES ('3', '7');
INSERT INTO `sys_role_menu` VALUES ('3', '8');
INSERT INTO `sys_role_menu` VALUES ('3', '9');
INSERT INTO `sys_role_menu` VALUES ('3', '10');
INSERT INTO `sys_role_menu` VALUES ('3', '11');
INSERT INTO `sys_role_menu` VALUES ('3', '12');
INSERT INTO `sys_role_menu` VALUES ('3', '13');
INSERT INTO `sys_role_menu` VALUES ('3', '14');
INSERT INTO `sys_role_menu` VALUES ('3', '15');
INSERT INTO `sys_role_menu` VALUES ('3', '16');
INSERT INTO `sys_role_menu` VALUES ('3', '17');
INSERT INTO `sys_role_menu` VALUES ('3', '18');
INSERT INTO `sys_role_menu` VALUES ('3', '19');
INSERT INTO `sys_role_menu` VALUES ('3', '20');
INSERT INTO `sys_role_menu` VALUES ('3', '21');
INSERT INTO `sys_role_menu` VALUES ('3', '22');
INSERT INTO `sys_role_menu` VALUES ('3', '23');
INSERT INTO `sys_role_menu` VALUES ('3', '24');
INSERT INTO `sys_role_menu` VALUES ('3', '25');
INSERT INTO `sys_role_menu` VALUES ('3', '26');
INSERT INTO `sys_role_menu` VALUES ('3', '27');
INSERT INTO `sys_role_menu` VALUES ('3', '28');
INSERT INTO `sys_role_menu` VALUES ('3', '29');
INSERT INTO `sys_role_menu` VALUES ('3', '30');
INSERT INTO `sys_role_menu` VALUES ('3', '31');
INSERT INTO `sys_role_menu` VALUES ('3', '32');
INSERT INTO `sys_role_menu` VALUES ('3', '33');
INSERT INTO `sys_role_menu` VALUES ('3', '34');
INSERT INTO `sys_role_menu` VALUES ('3', '35');
INSERT INTO `sys_role_menu` VALUES ('3', '36');
INSERT INTO `sys_role_menu` VALUES ('3', '37');
INSERT INTO `sys_role_menu` VALUES ('3', '38');
INSERT INTO `sys_role_menu` VALUES ('3', '39');
INSERT INTO `sys_role_menu` VALUES ('3', '40');
INSERT INTO `sys_role_menu` VALUES ('3', '41');
INSERT INTO `sys_role_menu` VALUES ('3', '42');
INSERT INTO `sys_role_menu` VALUES ('3', '43');
INSERT INTO `sys_role_menu` VALUES ('3', '44');
INSERT INTO `sys_role_menu` VALUES ('3', '45');
INSERT INTO `sys_role_menu` VALUES ('3', '46');
INSERT INTO `sys_role_menu` VALUES ('3', '47');
INSERT INTO `sys_role_menu` VALUES ('3', '48');
INSERT INTO `sys_role_menu` VALUES ('3', '49');
INSERT INTO `sys_role_menu` VALUES ('3', '50');
INSERT INTO `sys_role_menu` VALUES ('3', '51');
INSERT INTO `sys_role_menu` VALUES ('3', '52');
INSERT INTO `sys_role_menu` VALUES ('3', '53');
INSERT INTO `sys_role_menu` VALUES ('3', '54');
INSERT INTO `sys_role_menu` VALUES ('3', '55');
INSERT INTO `sys_role_menu` VALUES ('3', '56');
INSERT INTO `sys_role_menu` VALUES ('3', '57');
INSERT INTO `sys_role_menu` VALUES ('3', '58');
INSERT INTO `sys_role_menu` VALUES ('3', '59');
INSERT INTO `sys_role_menu` VALUES ('3', '60');
INSERT INTO `sys_role_menu` VALUES ('3', '61');
INSERT INTO `sys_role_menu` VALUES ('3', '62');
INSERT INTO `sys_role_menu` VALUES ('3', '63');
INSERT INTO `sys_role_menu` VALUES ('3', '64');
INSERT INTO `sys_role_menu` VALUES ('3', '65');
INSERT INTO `sys_role_menu` VALUES ('3', '66');
INSERT INTO `sys_role_menu` VALUES ('3', '67');
INSERT INTO `sys_role_menu` VALUES ('3', '68');
INSERT INTO `sys_role_menu` VALUES ('3', '69');
INSERT INTO `sys_role_menu` VALUES ('3', '70');
INSERT INTO `sys_role_menu` VALUES ('3', '71');
INSERT INTO `sys_role_menu` VALUES ('3', '72');
INSERT INTO `sys_role_menu` VALUES ('3', '73');
INSERT INTO `sys_role_menu` VALUES ('3', '74');
INSERT INTO `sys_role_menu` VALUES ('3', '75');
INSERT INTO `sys_role_menu` VALUES ('3', '76');
INSERT INTO `sys_role_menu` VALUES ('3', '77');
INSERT INTO `sys_role_menu` VALUES ('3', '78');
INSERT INTO `sys_role_menu` VALUES ('3', '79');
INSERT INTO `sys_role_menu` VALUES ('3', '80');
INSERT INTO `sys_role_menu` VALUES ('3', '81');
INSERT INTO `sys_role_menu` VALUES ('3', '82');
INSERT INTO `sys_role_menu` VALUES ('3', '83');
INSERT INTO `sys_role_menu` VALUES ('3', '84');
INSERT INTO `sys_role_menu` VALUES ('3', '85');
INSERT INTO `sys_role_menu` VALUES ('3', '86');
INSERT INTO `sys_role_menu` VALUES ('3', '87');
INSERT INTO `sys_role_menu` VALUES ('3', '88');
INSERT INTO `sys_role_menu` VALUES ('3', '89');
INSERT INTO `sys_role_menu` VALUES ('3', '90');

-- ----------------------------
-- Table structure for `sys_user`
-- ----------------------------
DROP TABLE IF EXISTS `sys_user`;
CREATE TABLE `sys_user` (
  `id` bigint(20) unsigned NOT NULL COMMENT '编号',
  `office_id` bigint(20) unsigned NOT NULL COMMENT '归属部门',
  `login_name` varchar(100) NOT NULL COMMENT '登录名',
  `password` varchar(100) NOT NULL COMMENT '密码',
  `no` varchar(100) DEFAULT NULL COMMENT '工号',
  `name` varchar(100) NOT NULL COMMENT '姓名',
  `email` varchar(200) DEFAULT NULL COMMENT '邮箱',
  `phone` varchar(20) DEFAULT NULL COMMENT '电话',
  `mobile` varchar(11) DEFAULT NULL COMMENT '手机',
  `user_type` char(1) DEFAULT NULL COMMENT '用户类型',
  `photo` varchar(1000) DEFAULT NULL COMMENT '用户头像',
  `login_date` datetime DEFAULT NULL COMMENT '最后登陆时间',
  `login_ip` varchar(100) DEFAULT NULL COMMENT '最后登陆IP',
  `login_flag` varchar(64) DEFAULT NULL COMMENT '是否可登录',
  `create_by` bigint(20) unsigned NOT NULL COMMENT '创建者',
  `create_date` datetime NOT NULL COMMENT '创建时间',
  `update_by` bigint(20) unsigned NOT NULL COMMENT '更新者',
  `update_date` datetime NOT NULL COMMENT '更新时间',
  `remarks` varchar(255) NOT NULL DEFAULT '' COMMENT '备注信息',
  `del_flag` tinyint(1) unsigned NOT NULL DEFAULT '0' COMMENT '删除标记',
  `wx_openid` varchar(32) DEFAULT '' COMMENT '微信id',
  `qq_openid` varchar(32) DEFAULT '' COMMENT 'qq id',
  PRIMARY KEY (`id`),
  KEY `sys_user_office_id` (`office_id`),
  KEY `sys_user_login_name` (`login_name`),
  KEY `sys_user_update_date` (`update_date`),
  KEY `sys_user_del_flag` (`del_flag`)
) ENGINE=InnoDB DEFAULT CHARSET=utf8 COMMENT='用户表';

-- ----------------------------
-- Records of sys_user
-- ----------------------------
INSERT INTO `sys_user` VALUES ('1', '2', 'myadmin', '$2a$10$k9tBdw0GHbLtToX2Apheq.bR/D2WYWb5Rq0oPJt1Hn2axpsA.CI9O', '0001', '系统管理员', 'thinkgem@163.com', '18210684253', '8675', '2', null, null, null, '1', '1', '2013-05-27 08:00:00', '1', '2013-05-27 08:00:00', '最高管理员', '0', '', '');
INSERT INTO `sys_user` VALUES ('2', '2', 'sd_admin', '$2a$10$k9tBdw0GHbLtToX2Apheq.bR/D2WYWb5Rq0oPJt1Hn2axpsA.CI9O', '0002', '管理员', null, null, null, '2', null, null, null, '1', '1', '2013-05-27 08:00:00', '1', '2013-05-27 08:00:00', ' ', '0', '', '');
INSERT INTO `sys_user` VALUES ('3', '3', 'sd_zhb', '$2a$10$k9tBdw0GHbLtToX2Apheq.bR/D2WYWb5Rq0oPJt1Hn2axpsA.CI9O', '0003', '综合部', null, null, null, '2', null, null, null, '1', '1', '2013-05-27 08:00:00', '1', '2013-05-27 08:00:00', ' ', '0', '', '');
INSERT INTO `sys_user` VALUES ('4', '4', 'sd_scb', '$2a$10$k9tBdw0GHbLtToX2Apheq.bR/D2WYWb5Rq0oPJt1Hn2axpsA.CI9O', '0004', '市场部', null, null, null, '2', null, null, null, '1', '1', '2013-05-27 08:00:00', '1', '2013-05-27 08:00:00', ' ', '0', '', '');
INSERT INTO `sys_user` VALUES ('5', '5', 'sd_jsb', '$2a$10$k9tBdw0GHbLtToX2Apheq.bR/D2WYWb5Rq0oPJt1Hn2axpsA.CI9O', '0005', '技术部', null, null, null, '2', null, null, null, '1', '1', '2013-05-27 08:00:00', '1', '2013-05-27 08:00:00', ' ', '0', '', '');
INSERT INTO `sys_user` VALUES ('6', '6', 'sd_yfb', '$2a$10$k9tBdw0GHbLtToX2Apheq.bR/D2WYWb5Rq0oPJt1Hn2axpsA.CI9O', '0006', '研发部', null, null, null, '2', null, null, null, '1', '1', '2013-05-27 08:00:00', '1', '2013-05-27 08:00:00', ' ', '0', '', '');
INSERT INTO `sys_user` VALUES ('7', '8', 'jn_admin', '$2a$10$k9tBdw0GHbLtToX2Apheq.bR/D2WYWb5Rq0oPJt1Hn2axpsA.CI9O', '0007', '济南领导', null, null, null, '2', null, null, null, '1', '1', '2013-05-27 08:00:00', '1', '2013-05-27 08:00:00', ' ', '0', '', '');
INSERT INTO `sys_user` VALUES ('8', '9', 'jn_zhb', '$2a$10$k9tBdw0GHbLtToX2Apheq.bR/D2WYWb5Rq0oPJt1Hn2axpsA.CI9O', '0008', '济南综合部', null, null, null, '2', null, null, null, '1', '1', '2013-05-27 08:00:00', '1', '2013-05-27 08:00:00', ' ', '0', '', '');
INSERT INTO `sys_user` VALUES ('9', '10', 'jn_scb', '$2a$10$k9tBdw0GHbLtToX2Apheq.bR/D2WYWb5Rq0oPJt1Hn2axpsA.CI9O', '0009', '济南市场部', null, null, null, '2', null, null, null, '1', '1', '2013-05-27 08:00:00', '1', '2013-05-27 08:00:00', ' ', '0', '', '');
INSERT INTO `sys_user` VALUES ('10', '11', 'jn_jsb', '$2a$10$k9tBdw0GHbLtToX2Apheq.bR/D2WYWb5Rq0oPJt1Hn2axpsA.CI9O', '0010', '济南技术部', null, null, null, '2', null, null, null, '1', '1', '2013-05-27 08:00:00', '1', '2013-05-27 08:00:00', ' ', '0', '', '');
INSERT INTO `sys_user` VALUES ('11', '13', 'lc_admin', '$2a$10$k9tBdw0GHbLtToX2Apheq.bR/D2WYWb5Rq0oPJt1Hn2axpsA.CI9O', '0011', '济南历城领导', null, null, null, '2', null, null, null, '1', '1', '2013-05-27 08:00:00', '1', '2013-05-27 08:00:00', ' ', '0', '', '');
INSERT INTO `sys_user` VALUES ('12', '18', 'lx_admin', '$2a$10$k9tBdw0GHbLtToX2Apheq.bR/D2WYWb5Rq0oPJt1Hn2axpsA.CI9O', '0012', '济南历下领导', null, null, null, '2', null, null, null, '1', '1', '2013-05-27 08:00:00', '1', '2013-05-27 08:00:00', ' ', '0', '', '');
INSERT INTO `sys_user` VALUES ('13', '23', 'gx_admin', '$2a$10$k9tBdw0GHbLtToX2Apheq.bR/D2WYWb5Rq0oPJt1Hn2axpsA.CI9O', '0013', '济南高新领导', null, null, null, '2', null, null, null, '1', '1', '2013-05-27 08:00:00', '1', '2013-05-27 08:00:00', ' ', '0', '', '');
INSERT INTO `sys_user` VALUES ('1168183478441873408', '1111', '1111', '1111', '1111', '222222', null, null, null, '2', null, null, null, null, '1', '2019-09-01 23:27:00', '1', '2019-09-01 23:27:00', '', '0', '', '');
INSERT INTO `sys_user` VALUES ('1168188206215204864', '1111', '1111', '', '1111', '1111', null, null, null, '2', null, null, null, null, '1', '2019-09-01 23:45:47', '1', '2019-09-01 23:45:47', '', '0', '', '');
INSERT INTO `sys_user` VALUES ('1182672899547467776', '2', 'myadmin', '$2a$10$k9tBdw0GHbLtToX2Apheq.bR/D2WYWb5Rq0oPJt1Hn2axpsA.CI9O', '0001', '系统管理员', 'thinkgem@163.com', '18210684253', '8675', '2', null, null, null, '1', '1', '2019-10-11 23:02:47', '1', '2019-10-11 23:02:47', '最高管理员222', '0', '', '');

-- ----------------------------
-- Table structure for `sys_user_bak`
-- ----------------------------
DROP TABLE IF EXISTS `sys_user_bak`;
CREATE TABLE `sys_user_bak` (
  `id` bigint(20) unsigned NOT NULL COMMENT '编号',
  `office_id` bigint(20) unsigned NOT NULL COMMENT '归属部门',
  `login_name` varchar(100) NOT NULL COMMENT '登录名',
  `password` varchar(100) NOT NULL COMMENT '密码',
  `no` varchar(100) DEFAULT NULL COMMENT '工号',
  `name` varchar(100) NOT NULL COMMENT '姓名',
  `email` varchar(200) DEFAULT NULL COMMENT '邮箱',
  `phone` varchar(20) DEFAULT NULL COMMENT '电话',
  `mobile` varchar(11) DEFAULT NULL COMMENT '手机',
  `user_type` char(1) DEFAULT NULL COMMENT '用户类型',
  `photo` varchar(1000) DEFAULT NULL COMMENT '用户头像',
  `login_ip` varchar(100) DEFAULT NULL COMMENT '最后登陆IP',
  `login_date` datetime DEFAULT NULL COMMENT '最后登陆时间',
  `login_flag` varchar(64) DEFAULT NULL COMMENT '是否可登录',
  `create_by` bigint(20) unsigned NOT NULL COMMENT '创建者',
  `create_date` datetime NOT NULL COMMENT '创建时间',
  `update_by` bigint(20) unsigned NOT NULL COMMENT '更新者',
  `update_date` datetime NOT NULL COMMENT '更新时间',
  `remarks` varchar(255) NOT NULL DEFAULT '' COMMENT '备注信息',
  `del_flag` tinyint(1) unsigned NOT NULL DEFAULT '0' COMMENT '删除标记',
  `wx_openid` varchar(32) DEFAULT NULL COMMENT '微信openid',
  `qq_openid` varchar(32) DEFAULT NULL COMMENT 'QQ openid',
  PRIMARY KEY (`id`),
  KEY `sys_user_office_id` (`office_id`),
  KEY `sys_user_login_name` (`login_name`),
  KEY `sys_user_update_date` (`update_date`),
  KEY `sys_user_del_flag` (`del_flag`)
) ENGINE=InnoDB DEFAULT CHARSET=utf8 COMMENT='用户表';

-- ----------------------------
-- Records of sys_user_bak
-- ----------------------------
INSERT INTO `sys_user_bak` VALUES ('1', '2', 'myadmin', '$2a$10$k9tBdw0GHbLtToX2Apheq.bR/D2WYWb5Rq0oPJt1Hn2axpsA.CI9O', '0001', '系统管理员', 'thinkgem@163.com', '18210684253', '8675', null, null, '220.160.68.3', '2017-11-14 15:18:35', '1', '1', '2013-05-27 08:00:00', '1', '2013-05-27 08:00:00', '最高管理员', '0', null, null);
INSERT INTO `sys_user_bak` VALUES ('2', '2', 'sd_admin', '$2a$10$k9tBdw0GHbLtToX2Apheq.bR/D2WYWb5Rq0oPJt1Hn2axpsA.CI9O', '0002', '管理员', null, null, null, null, null, null, null, '1', '1', '2013-05-27 08:00:00', '1', '2013-05-27 08:00:00', ' ', '0', null, null);
INSERT INTO `sys_user_bak` VALUES ('3', '3', 'sd_zhb', '$2a$10$k9tBdw0GHbLtToX2Apheq.bR/D2WYWb5Rq0oPJt1Hn2axpsA.CI9O', '0003', '综合部', null, null, null, null, null, null, null, '1', '1', '2013-05-27 08:00:00', '1', '2013-05-27 08:00:00', ' ', '0', null, null);
INSERT INTO `sys_user_bak` VALUES ('4', '4', 'sd_scb', '$2a$10$k9tBdw0GHbLtToX2Apheq.bR/D2WYWb5Rq0oPJt1Hn2axpsA.CI9O', '0004', '市场部', null, null, null, null, null, null, null, '1', '1', '2013-05-27 08:00:00', '1', '2013-05-27 08:00:00', ' ', '0', null, null);
INSERT INTO `sys_user_bak` VALUES ('5', '5', 'sd_jsb', '$2a$10$k9tBdw0GHbLtToX2Apheq.bR/D2WYWb5Rq0oPJt1Hn2axpsA.CI9O', '0005', '技术部', null, null, null, null, null, null, null, '1', '1', '2013-05-27 08:00:00', '1', '2013-05-27 08:00:00', ' ', '0', null, null);
INSERT INTO `sys_user_bak` VALUES ('6', '6', 'sd_yfb', '$2a$10$k9tBdw0GHbLtToX2Apheq.bR/D2WYWb5Rq0oPJt1Hn2axpsA.CI9O', '0006', '研发部', null, null, null, null, null, null, null, '1', '1', '2013-05-27 08:00:00', '1', '2013-05-27 08:00:00', ' ', '0', null, null);
INSERT INTO `sys_user_bak` VALUES ('7', '8', 'jn_admin', '$2a$10$k9tBdw0GHbLtToX2Apheq.bR/D2WYWb5Rq0oPJt1Hn2axpsA.CI9O', '0007', '济南领导', null, null, null, null, null, null, null, '1', '1', '2013-05-27 08:00:00', '1', '2013-05-27 08:00:00', ' ', '0', null, null);
INSERT INTO `sys_user_bak` VALUES ('8', '9', 'jn_zhb', '$2a$10$k9tBdw0GHbLtToX2Apheq.bR/D2WYWb5Rq0oPJt1Hn2axpsA.CI9O', '0008', '济南综合部', null, null, null, null, null, null, null, '1', '1', '2013-05-27 08:00:00', '1', '2013-05-27 08:00:00', ' ', '0', null, null);
INSERT INTO `sys_user_bak` VALUES ('9', '10', 'jn_scb', '$2a$10$k9tBdw0GHbLtToX2Apheq.bR/D2WYWb5Rq0oPJt1Hn2axpsA.CI9O', '0009', '济南市场部', null, null, null, null, null, null, null, '1', '1', '2013-05-27 08:00:00', '1', '2013-05-27 08:00:00', ' ', '0', null, null);
INSERT INTO `sys_user_bak` VALUES ('10', '11', 'jn_jsb', '$2a$10$k9tBdw0GHbLtToX2Apheq.bR/D2WYWb5Rq0oPJt1Hn2axpsA.CI9O', '0010', '济南技术部', null, null, null, null, null, null, null, '1', '1', '2013-05-27 08:00:00', '1', '2013-05-27 08:00:00', ' ', '0', null, null);
INSERT INTO `sys_user_bak` VALUES ('11', '13', 'lc_admin', '$2a$10$k9tBdw0GHbLtToX2Apheq.bR/D2WYWb5Rq0oPJt1Hn2axpsA.CI9O', '0011', '济南历城领导', null, null, null, null, null, null, null, '1', '1', '2013-05-27 08:00:00', '1', '2013-05-27 08:00:00', ' ', '0', null, null);
INSERT INTO `sys_user_bak` VALUES ('12', '18', 'lx_admin', '$2a$10$k9tBdw0GHbLtToX2Apheq.bR/D2WYWb5Rq0oPJt1Hn2axpsA.CI9O', '0012', '济南历下领导', null, null, null, null, null, null, null, '1', '1', '2013-05-27 08:00:00', '1', '2013-05-27 08:00:00', ' ', '0', null, null);
INSERT INTO `sys_user_bak` VALUES ('13', '23', 'gx_admin', '$2a$10$k9tBdw0GHbLtToX2Apheq.bR/D2WYWb5Rq0oPJt1Hn2axpsA.CI9O', '0013', '济南高新领导', null, null, null, null, null, null, null, '1', '1', '2013-05-27 08:00:00', '1', '2013-05-27 08:00:00', ' ', '0', null, null);
INSERT INTO `sys_user_bak` VALUES ('1168183478441873408', '1111', '1111', '1111', '1111', '222222', null, null, null, null, null, null, null, null, '1', '2019-09-01 23:27:00', '1', '2019-09-01 23:27:00', '', '0', null, null);
INSERT INTO `sys_user_bak` VALUES ('1168188206215204864', '1111', '1111', '', '1111', '1111', null, null, null, null, null, null, null, null, '1', '2019-09-01 23:45:47', '1', '2019-09-01 23:45:47', '', '0', null, null);

-- ----------------------------
-- Table structure for `sys_user_role`
-- ----------------------------
DROP TABLE IF EXISTS `sys_user_role`;
CREATE TABLE `sys_user_role` (
  `user_id` bigint(20) unsigned NOT NULL COMMENT '用户编号',
  `role_id` bigint(20) unsigned NOT NULL COMMENT '角色编号',
  PRIMARY KEY (`user_id`,`role_id`)
) ENGINE=InnoDB DEFAULT CHARSET=utf8 COMMENT='用户-角色';

-- ----------------------------
-- Records of sys_user_role
-- ----------------------------
INSERT INTO `sys_user_role` VALUES ('1', '1');
INSERT INTO `sys_user_role` VALUES ('1', '2');
INSERT INTO `sys_user_role` VALUES ('3', '2');
INSERT INTO `sys_user_role` VALUES ('4', '3');
INSERT INTO `sys_user_role` VALUES ('5', '4');
INSERT INTO `sys_user_role` VALUES ('6', '5');
INSERT INTO `sys_user_role` VALUES ('7', '2');
INSERT INTO `sys_user_role` VALUES ('7', '7');
INSERT INTO `sys_user_role` VALUES ('8', '2');
INSERT INTO `sys_user_role` VALUES ('9', '1');
INSERT INTO `sys_user_role` VALUES ('10', '2');
INSERT INTO `sys_user_role` VALUES ('11', '3');
INSERT INTO `sys_user_role` VALUES ('12', '4');
INSERT INTO `sys_user_role` VALUES ('13', '5');
INSERT INTO `sys_user_role` VALUES ('14', '6');

-- ----------------------------
-- Table structure for `t_task_exam`
-- ----------------------------
DROP TABLE IF EXISTS `t_task_exam`;
CREATE TABLE `t_task_exam` (
  `id` int(11) NOT NULL AUTO_INCREMENT,
  `title` varchar(255) DEFAULT NULL,
  `grade_level` int(11) DEFAULT NULL COMMENT '级别',
  `frame_text_content_id` int(11) DEFAULT NULL COMMENT '任务框架 内容为JSON',
  `create_user` int(11) DEFAULT NULL,
  `create_time` datetime DEFAULT NULL,
  `deleted` bit(1) DEFAULT NULL,
  `create_user_name` varchar(255) DEFAULT NULL,
  PRIMARY KEY (`id`) USING BTREE
) ENGINE=InnoDB DEFAULT CHARSET=utf8mb4 ROW_FORMAT=DYNAMIC;

-- ----------------------------
-- Records of t_task_exam
-- ----------------------------

-- ----------------------------
-- Table structure for `t_task_exam_customer_answer`
-- ----------------------------
DROP TABLE IF EXISTS `t_task_exam_customer_answer`;
CREATE TABLE `t_task_exam_customer_answer` (
  `id` int(11) NOT NULL AUTO_INCREMENT,
  `task_exam_id` int(11) DEFAULT NULL,
  `create_user` int(255) DEFAULT NULL,
  `create_time` datetime DEFAULT NULL,
  `text_content_id` int(11) DEFAULT NULL COMMENT '任务完成情况(Json)',
  PRIMARY KEY (`id`) USING BTREE
) ENGINE=InnoDB DEFAULT CHARSET=utf8mb4 ROW_FORMAT=DYNAMIC;

-- ----------------------------
-- Records of t_task_exam_customer_answer
-- ----------------------------
